-- MySQL dump 10.13  Distrib 8.0.34, for Linux (x86_64)
--
-- Host: localhost    Database: walfi
-- ------------------------------------------------------
-- Server version       8.0.34-0ubuntu0.20.04.1

/*!40101 SET @OLD_CHARACTER_SET_CLIENT=@@CHARACTER_SET_CLIENT */;
/*!40101 SET @OLD_CHARACTER_SET_RESULTS=@@CHARACTER_SET_RESULTS */;
/*!40101 SET @OLD_COLLATION_CONNECTION=@@COLLATION_CONNECTION */;
/*!50503 SET NAMES utf8mb4 */;
/*!40103 SET @OLD_TIME_ZONE=@@TIME_ZONE */;
/*!40103 SET TIME_ZONE='+00:00' */;
/*!40014 SET @OLD_UNIQUE_CHECKS=@@UNIQUE_CHECKS, UNIQUE_CHECKS=0 */;
/*!40014 SET @OLD_FOREIGN_KEY_CHECKS=@@FOREIGN_KEY_CHECKS, FOREIGN_KEY_CHECKS=0 */;
/*!40101 SET @OLD_SQL_MODE=@@SQL_MODE, SQL_MODE='NO_AUTO_VALUE_ON_ZERO' */;
/*!40111 SET @OLD_SQL_NOTES=@@SQL_NOTES, SQL_NOTES=0 */;

--
-- Table structure for table `account`
--

DROP TABLE IF EXISTS `account`;
/*!40101 SET @saved_cs_client     = @@character_set_client */;
/*!50503 SET character_set_client = utf8mb4 */;
CREATE TABLE `account` (
  `계좌번호` char(12) NOT NULL,
  `구분` varchar(16) DEFAULT NULL,
  `상품명` varchar(30) DEFAULT NULL,
  `잔액(통화별)` bigint DEFAULT NULL,
  `평가금액(통화별)` bigint DEFAULT NULL,
  `신규일` date DEFAULT NULL,
  `만기일` date DEFAULT NULL,
  `관리점명` varchar(255) DEFAULT NULL,
  `금리(수익률)` decimal(12,3) DEFAULT NULL,
  `통화` varchar(4) DEFAULT NULL,
  `과세` varchar(50) DEFAULT NULL,
  `잔액(원화)` bigint DEFAULT NULL,
  `평가금액(원화)` bigint DEFAULT NULL,
  `자동해지여부` tinyint DEFAULT NULL,
  `대표계좌` varchar(12) DEFAULT NULL,
  PRIMARY KEY (`계좌번호`),
  KEY `fk_account_user2_idx` (`대표계좌`) /*!80000 INVISIBLE */,
  CONSTRAINT `fk_account_user2` FOREIGN KEY (`대표계좌`) REFERENCES `user` (`대표계좌`) ON DELETE CASCADE ON UPDATE CASCADE
) ENGINE=InnoDB DEFAULT CHARSET=utf8mb4 COLLATE=utf8mb4_0900_ai_ci;
/*!40101 SET character_set_client = @saved_cs_client */;

--
-- Dumping data for table `account`
--

LOCK TABLES `account` WRITE;
/*!40000 ALTER TABLE `account` DISABLE KEYS */;
INSERT INTO `account` VALUES ('110001785524','예적금','저축예금',15311065,15311065,'2023-09-11',NULL,'영업부',0.000,'KRW','일반과세',15311065,15311065,0,'110001785532'),('110001785525','예적금','저축예금',12090000,12090000,'2023-09-11',NULL,'영업부',0.000,'USD','일반과세',1090000,1090000,0,'110001785532'),('110001785526','예적금','저축예금',12090002,12090002,'2023-09-11',NULL,'영업부',0.000,'JPY','일반과세',1090002,1090002,0,'110001785532'),('110001785527','예적금','저축예금',12000000,12000000,'2023-09-11',NULL,'영업부',0.000,'EUR','일반과세',1000000,1000000,0,'110001785532'),('110001785528','예적금','저축예금',12000000,12000000,'2023-09-11',NULL,'영업부',0.000,'CNY','일반과 세',1000000,1000000,0,'110001785532'),('110001785529','예적금','저축예금',12000000,12000000,'2023-09-11',NULL,'영 업부',0.000,'AUD','일반과세',1000000,1000000,0,'110001785532'),('110001785530','예적금','저축예금',25691892,25691892,'2023-09-11',NULL,'영업부',0.000,'KRW','일반과세',25691892,25691892,0,'110001785538'),('110001785531','예적금','저축예금',966344,966344,'2023-09-11',NULL,'영업부',0.000,'USD','일반과세',-35916299,-35916299,0,'110001785538'),('110001785533','예적금','저축예금',931998,931998,'2023-09-11',NULL,'영업부',0.000,'JPY','일반과세',889998,889998,0,'110001785538'),('110001785534','예적금','저축예금',1000000,1000000,'2023-09-11',NULL,'영업부',0.000,'EUR','일반 과세',1000000,1000000,0,'110001785538'),('110001785535','예적금','저축예금',1000200,1000200,'2023-09-11',NULL,'영 업부',0.000,'CNY','일반과세',1000000,1000000,0,'110001785538'),('110001785536','예적금','저축예금',1008000,1008000,'2023-09-11',NULL,'영업부',0.000,'AUD','일반과세',1000000,1000000,0,'110001785538'),('110001785537','예적금','LevelUp 정기예금',120000,120000,'2023-09-17','2024-09-17','영업부',3.700,'KRW','일반과세',120000,120000,0,'110001785538'),('110001785538','예적금','LevelUp 정기예금',1000000,1000000,'2023-09-17','2024-09-17','영업부',3.700,'KRW',' 일반과세',1000000,1000000,0,'110001785538'),('110001785539','예적금','LevelUp 정기예금',500000,500000,'2023-09-19','2024-09-19','영업부',3.700,'KRW','일반과세',500000,500000,0,'110001785538'),('110001785540','예적금','지점장 정 기예금',100,100,'2023-09-19','2024-09-19','영업부',4.500,'KRW','일반과세',100,100,0,'110001785538'),('110001785541','예적금','지점장 정기예금',12000,12000,'2023-09-19','2024-09-19','영업부',4.500,'KRW','일반과세',12000,12000,0,'110001785538'),('110001785542','예적금','월피 배틀 정기예금',10000,10000,'2023-09-26','2024-09-26','영업부',4.000,'KRW','일반과세',10000,10000,0,'110001785538'),('110001785543','예적금','LevelUp 정기예금',123341,123341,'2023-09-26','2024-09-26','영업부',3.700,'KRW','일반과세',123341,123341,0,'110001785538'),('110001785544','예적금','LevelUp 정기예금',123,123,'2023-09-27','2024-09-27','영업부',3.700,'KRW','일반과세',123,123,0,'110001785538'),('110001785545','예적금','저축예금',0,0,'2023-10-05',NULL,'영업부',0.000,'KRW','일반과세',0,0,0,'130265223744'),('110001785546','예적금','저축예금',0,0,'2023-10-05',NULL,'영업부',0.000,'USD','일반과세',0,0,0,'130265223744'),('110001785547','예적금','저축예금',0,0,'2023-10-05',NULL,'영업부',0.000,'JPY','일반과세',0,0,0,'130265223744'),('110001785548','예적금','저축예금',0,0,'2023-10-05',NULL,'영업부',0.000,'EUR','일반과세',0,0,0,'130265223744'),('110001785549','예적금','저축예금',0,0,'2023-10-05',NULL,'영업부',0.000,'CNY','일반과세',0,0,0,'130265223744'),('110001785550','예적금','저축예금',0,0,'2023-10-05',NULL,'영업부',0.000,'AUD','일반과세',0,0,0,'130265223744'),('110001785551','예적금','저축예금',0,0,'2023-10-05',NULL,'영업부',0.000,'KRW','일반과세',0,0,0,'130265223745'),('110001785552','예적금','저축예금',0,0,'2023-10-05',NULL,'영업부',0.000,'USD','일반과세',0,0,0,'130265223745'),('110001785553','예적금',' 저축예금',0,0,'2023-10-05',NULL,'영업부',0.000,'JPY','일반과세',0,0,0,'130265223745'),('110001785554','예적금','저축예금',0,0,'2023-10-05',NULL,'영업부',0.000,'EUR','일반과세',0,0,0,'130265223745'),('110001785555','예적금','저축예금',0,0,'2023-10-05',NULL,'영업부',0.000,'CNY','일반과세',0,0,0,'130265223745'),('110001785556','예적금','저축예금',0,0,'2023-10-05',NULL,'영업부',0.000,'AUD','일반과세',0,0,0,'130265223745'),('110001785557','예적금','저축예금',0,0,'2023-10-05',NULL,'영업부',0.000,'KRW','일반과세',0,0,0,'130265223746'),('110001785558','예적금','저축예금',0,0,'2023-10-05',NULL,'영업부',0.000,'USD','일반과세',0,0,0,'130265223746'),('110001785559','예적금','저축예금',0,0,'2023-10-05',NULL,'영업부',0.000,'JPY','일반과세',0,0,0,'130265223746'),('110001785560','예적금','저축예금',0,0,'2023-10-05',NULL,'영업부',0.000,'EUR','일반과세',0,0,0,'130265223746'),('110001785561','예적금','저축예금',0,0,'2023-10-05',NULL,'영업부',0.000,'CNY','일반과세',0,0,0,'130265223746'),('110001785562','예적금','저축예금',0,0,'2023-10-05',NULL,'영업부',0.000,'AUD','일반과세',0,0,0,'130265223746'),('110001785563','예적금','저축예금',0,0,'2023-10-05',NULL,'영업부',0.000,'KRW','일반과세',0,0,0,'130265223747'),('110001785564','예적금','저축예금',0,0,'2023-10-05',NULL,'영업부',0.000,'USD','일반과세',0,0,0,'130265223747'),('110001785565','예적금','저축예금',0,0,'2023-10-05',NULL,'영업부',0.000,'JPY','일반과세',0,0,0,'130265223747'),('110001785566','예적금','저축예금',0,0,'2023-10-05',NULL,'영업부',0.000,'EUR','일반과세',0,0,0,'130265223747'),('110001785567','예적금','저축예금',0,0,'2023-10-05',NULL,'영업부',0.000,'CNY','일반과세',0,0,0,'130265223747'),('110001785568','예적금','저축예금',0,0,'2023-10-05',NULL,'영업부',0.000,'AUD','일반과세',0,0,0,'130265223747'),('110001785569','예적금','저축예금',0,0,'2023-10-06',NULL,'영업부',0.000,'KRW','일반과세',0,0,0,'130265223748'),('110001785570','예적금','저축예금',0,0,'2023-10-06',NULL,' 영업부',0.000,'USD','일반과세',0,0,0,'130265223748'),('110001785571','예적금','저축예금',0,0,'2023-10-06',NULL,'영업부',0.000,'JPY','일반과세',0,0,0,'130265223748'),('110001785572','예적금','저축예금',0,0,'2023-10-06',NULL,'영업부',0.000,'EUR','일반과세',0,0,0,'130265223748'),('110001785573','예적금','저축예금',0,0,'2023-10-06',NULL,'영업부',0.000,'CNY','일반과세',0,0,0,'130265223748'),('110001785574','예적금','저축예금',0,0,'2023-10-06',NULL,'영업부',0.000,'AUD','일반과세',0,0,0,'130265223748'),('110001785575','예적금','저축예금',0,0,'2023-10-06',NULL,'영업부',0.000,'KRW','일반과세',0,0,0,'130265223749'),('110001785576','예적금','저축예금',0,0,'2023-10-06',NULL,'영업부',0.000,'USD','일반과세',0,0,0,'130265223749'),('110001785577','예적금','저축예금',0,0,'2023-10-06',NULL,'영업부',0.000,'JPY','일반과세',0,0,0,'130265223749'),('110001785578','예적금','저축예금',0,0,'2023-10-06',NULL,'영업부',0.000,'EUR','일반과세',0,0,0,'130265223749'),('110001785579','예적금','저축예금',0,0,'2023-10-06',NULL,'영업부',0.000,'CNY','일반과세',0,0,0,'130265223749'),('110001785580','예적금','저축예금',0,0,'2023-10-06',NULL,'영업부',0.000,'AUD','일반과세',0,0,0,'130265223749'),('110001785581','예적금','저축예금',0,0,'2023-10-06',NULL,'영업부',0.000,'KRW',' 일반과세',0,0,0,'130265223750'),('110001785582','예적금','저축예금',0,0,'2023-10-06',NULL,'영업부',0.000,'USD','일반과세',0,0,0,'130265223750'),('110001785583','예적금','저축예금',0,0,'2023-10-06',NULL,'영업부',0.000,'JPY','일반과세',0,0,0,'130265223750'),('110001785584','예적금','저축예금',0,0,'2023-10-06',NULL,'영업부',0.000,'EUR','일반과세',0,0,0,'130265223750'),('110001785585','예적금','저축예금',0,0,'2023-10-06',NULL,'영업부',0.000,'CNY','일반과세',0,0,0,'130265223750'),('110001785586','예적금','저축예금',0,0,'2023-10-06',NULL,'영업부',0.000,'AUD','일반과세',0,0,0,'130265223750');
/*!40000 ALTER TABLE `account` ENABLE KEYS */;
UNLOCK TABLES;

--
-- Table structure for table `battle_history`
--

DROP TABLE IF EXISTS `battle_history`;
/*!40101 SET @saved_cs_client     = @@character_set_client */;
/*!50503 SET character_set_client = utf8mb4 */;
CREATE TABLE `battle_history` (
  `battle_idx` bigint NOT NULL AUTO_INCREMENT,
  `user_id` varchar(16) DEFAULT NULL,
  `occupy_time` bigint DEFAULT NULL,
  `branch_idx` bigint DEFAULT NULL,
  PRIMARY KEY (`battle_idx`),
  KEY `FK6qrmbe72qh6g647qlgxy9dg1k` (`branch_idx`),
  CONSTRAINT `FK6qrmbe72qh6g647qlgxy9dg1k` FOREIGN KEY (`branch_idx`) REFERENCES `branch` (`branch_idx`)
) ENGINE=InnoDB AUTO_INCREMENT=202 DEFAULT CHARSET=utf8mb4 COLLATE=utf8mb4_0900_ai_ci;
/*!40101 SET character_set_client = @saved_cs_client */;

--
-- Dumping data for table `battle_history`
--

LOCK TABLES `battle_history` WRITE;
/*!40000 ALTER TABLE `battle_history` DISABLE KEYS */;
INSERT INTO `battle_history` VALUES (2,'qwer',3600,1),(3,'qwer',291724,1),(4,'qwer',3600,1),(5,'qwer',291770,1),(6,'manager',292185,1),(7,'qwer',3600,1),(8,'jeong',1000,1),(9,'jeong',1000,2),(10,'jeong',1000,2),(11,'qwer',1000,2),(12,'qwer',1000,2),(13,'qwer',1000,2),(14,'manager',1000,2),(15,'jeong',1000,2),(16,'jeong',1000,2),(17,'manager',343637,1),(18,'manager',345331,1),(19,'manager',345501,1),(20,'manager',345552,1),(21,'manager',345827,1),(22,'manager',346114,1),(23,'manager',346242,1),(24,'manager',346634,1),(25,'manager',346784,1),(26,'manager',347445,1),(27,'manager',347484,1),(28,'manager',347678,1),(29,'ssafy',347929,1),(31,'jeong',351561,1),(32,'ssafy',351599,1),(33,'jeong',351806,1),(35,'ssafy',314,1),(36,'ssafy',555,1),(37,'ssafy',24,1),(38,'ssafy',349,1),(39,'jeong',91,1),(41,'ssafy',179335,1),(42,'jeong',137188,1),(43,'ssafy',32433,1),(44,'ssafy',32428,1),(45,'ssafy',32461,1),(46,'ssafy',32800,8),(47,'ssafy',34000,8),(48,'ssafy',33100,9),(49,'ssafy',33504,8),(50,'ssafy',51435,8),(51,'ssafy',32410,8),(52,'ssafy',32410,8),(53,'ssafy',32409,8),(54,'ssafy',32665,8),(55,'ssafy',33669,8),(56,'ssafy',36139,8),(57,'ssafy',32410,8),(58,'ssafy',32421,8),(59,'ssafy',32481,8),(60,'ssafy',32423,8),(61,'ssafy',32657,8),(62,'ssafy',33026,8),(63,'ssafy',32508,8),(64,'ssafy',32484,8),(65,'ssafy',37469,171),(66,'ssafy',32548,8),(67,'ssafy',32428,8),(68,'ssafy',32671,8),(69,'ssafy',32843,8),(70,'ssafy',55322,8),(71,'ssafy',32435,8),(72,'ssafy',32419,8),(73,'ssafy',35816,8),(74,'ssafy',32417,8),(75,'ssafy',32418,8),(76,'ssafy',59633,171),(77,'ssafy',32463,8),(78,'ssafy',32424,8),(79,'ssafy',33282,8),(80,'ssafy',34344,8),(81,'ssafy',32882,8),(82,'ssafy',32458,8),(83,'ssafy',32407,8),(84,'ssafy',36403,8),(85,'ssafy',40282,8),(86,'ssafy',33015,8),(87,'ssafy',35939,8),(88,'ssafy',33218,8),(89,'ssafy',32687,8),(90,'ssafy',32480,8),(91,'ssafy',53105,171),(92,'ssafy',33455,171),(93,'ssafy',34160,8),(94,'ssafy',33339,8),(95,'ssafy',33217,8),(96,'ssafy',32481,2),(97,'ssafy',32710,2),(98,'ssafy',33764,2),(99,'ssafy',34928,2),(100,'ssafy',32499,2),(101,'ssafy',38552,8),(102,'ssafy',33643,8),(103,'ssafy',32487,8),(104,'ssafy',32486,8),(105,'ssafy',32640,8),(106,'ssafy',42767,171),(107,'ssafy',35460,2),(108,'ssafy',34141,8),(109,'ssafy',33993,2),(110,'ssafy',35423,8),(111,'ssafy',35540,2),(112,'ssafy',32513,2),(113,'ssafy',37277,8),(114,'ssafy',32483,8),(115,'ssafy',32460,8),(116,'ssafy',32707,8),(117,'ssafy',32468,8),(118,'ssafy',134176,9),(119,'ssafy',32419,9),(120,'ssafy',39063,8),(121,'ssafy',44833,2),(122,'ssafy',35394,2),(123,'ssafy',36218,8),(124,'ssafy',33838,2),(125,'ssafy',33090,2),(126,'ssafy',55852,7),(127,'ssafy',35166,2),(128,'ssafy',38214,7),(129,'ssafy',37438,215),(130,'ssafy',52556,2),(131,'ssafy',33616,2),(132,'ssafy',37744,2),(133,'ssafy',33959,2),(134,'ssafy',32609,2),(135,'ssafy',39225,2),(136,'ssafy',32737,2),(137,'ssafy',32493,2),(138,'ssafy',34049,2),(139,'ssafy',158742,7),(140,'ssafy',189899,8),(141,'ssafy',46534,3),(142,'ssafy',210516,171),(143,'ssafy',32449,171),(144,'ssafy',32598,171),(145,'ssafy',383773,1),(146,'ssafy',34925,8),(147,'ssafy',33143,1),(148,'ssafy',32842,1),(149,'ssafy',32418,1),(150,'ssafy',35854,3),(151,'ssafy',32497,1),(152,'ssafy',32511,3),(153,'ssafy',32512,1),(154,'ssafy',86718,3),(155,'ssafy',107368,1),(156,'ssafy',54894,1),(157,'ssafy',37743,1),(158,'ssafy',84344,3),(159,'ssafy',32422,3),(160,'ssafy',69770,1),(161,'ssafy',72795,3),(162,'ssafy',84668,1),(163,'ssafy',160013,1),(164,'ssafy',220923,3),(165,'ssafy',53041,1),(166,'ssafy',38831,3),(167,'ssafy',35514,3),(168,'ssafy',54290,1),(169,'ssafy',33472,1),(170,'ssafy',32547,1),(171,'ssafy',33579,1),(172,'ssafy',611881,8),(173,'ssafy',246801,1),(174,'ssafy',36018,8),(175,'ssafy',304327,3),(176,'ssafy',78983,3),(177,'ssafy',45379,3),(178,'ssafy',39732,3),(179,'ssafy',135097,8),(180,'ssafy',99265,8),(181,'ssafy',101081,3),(182,'ssafy',652184,3),(183,'ssafy',661891,8),(184,'ssafy',1612108,2),(185,'ssafy',32467,2),(186,'ssafy',32469,2),(187,'ssafy',32556,2),(188,'ssafy',32881,2),(189,'ssafy',113039,8),(190,'ssafy',33271,2),(191,'ssafy',33004,2),(192,'ssafy',35687,2),(193,'ssafy',37987,8),(194,'ssafy',45823,8),(195,'ssafy',939498,1),(196,'ssafy',41876,1),(197,'ssafy',156402,3),(198,'ssafy',65582,3),(199,'ssafy',32607,3),(200,'jeong',32836,3),(201,'ssafy',32562,3);
/*!40000 ALTER TABLE `battle_history` ENABLE KEYS */;
UNLOCK TABLES;

--
-- Table structure for table `branch`
--

DROP TABLE IF EXISTS `branch`;
/*!40101 SET @saved_cs_client     = @@character_set_client */;
/*!50503 SET character_set_client = utf8mb4 */;
CREATE TABLE `branch` (
  `branch_idx` bigint NOT NULL AUTO_INCREMENT,
  `address` varchar(200) DEFAULT NULL,
  `branch_name` varchar(100) DEFAULT NULL,
  `branch_type` varchar(16) DEFAULT NULL,
  `branch_phone_number` varchar(16) DEFAULT NULL,
  `latitude` double DEFAULT NULL,
  `longitude` double DEFAULT NULL,
  `manager_level` varchar(10) DEFAULT '6',
  `manager_exp` int DEFAULT '0',
  `manager_hp` int DEFAULT '50',
  `manager_atk` int DEFAULT '2',
  `manager_def` int DEFAULT '2',
  `start_time` datetime DEFAULT CURRENT_TIMESTAMP,
  `user_id` varchar(16) DEFAULT NULL,
  `manager_animal_type` varchar(45) DEFAULT NULL,
  `manager_animal_color` varchar(16) DEFAULT 'BASIC',
  PRIMARY KEY (`branch_idx`),
  KEY `fk_branch_user_game_info1_idx` (`user_id`),
  CONSTRAINT `fk_branch_user_game_info1` FOREIGN KEY (`user_id`) REFERENCES `user_game_info` (`user_id`)
) ENGINE=InnoDB AUTO_INCREMENT=5001 DEFAULT CHARSET=utf8mb4 COLLATE=utf8mb4_0900_ai_ci;
/*!40101 SET character_set_client = @saved_cs_client */;

--
-- Dumping data for table `branch`
--

LOCK TABLES `branch` WRITE;
/*!40000 ALTER TABLE `branch` DISABLE KEYS */;
INSERT INTO `branch` VALUES (1,'경북 구미시 인동가산로 35','인동금융센터',NULL,'054-471-0521',36.10594940185547,128.42019653320312,'LEVEL_08',1270,50,10,10,'2023-10-06 01:29:24','ssafy','SHIBA','BASIC'),(2,'경기 용인시 기흥구 기흥단지로158번길 11','블루캠퍼스',NULL,'1577-8000',37.22494125366211,127.11656188964844,'LEVEL_03',30,50,10,10,'2023-10-05 17:11:38','ssafy','LION','WHITE'),(3,'경북 구미시 3공단3로 302','구미캠퍼스',NULL,'02-3429-5100',36.106387,128.416216,'LEVEL_08',1470,50,10,10,'2023-10-06 10:56:19','ssafy','SHIBA','BASIC'),(4,'서울 강서구 화곡로 416 (등촌동)','가양역',NULL,'02-3007-1377',37.560233572823,126.855487802156,'LEVEL_05',370,50,10,10,'2023-09-15 22:39:48','ssafy','SHIBA','BASIC'),(6,'서울 강남구 학동로 426 강남구청 內','강남구청',NULL,'02-530-5407',37.517876148433,127.046833256577,'LEVEL_03',30,50,10,10,'2023-09-16 23:47:25','ssafy','SHIBA','BASIC'),(7,'서울 강남구 학동로 402 1 층  천마빌딩 (삼성동)','강남구청역',NULL,'02-541-4334',37.517090015161,127.041655294597,'LEVEL_08',20,50,10,10,'2023-09-18 10:32:25','ssafy','SHIBA','BASIC'),(8,'서울 서초구 강남대로 327 대륭서초타워 (서초동)','강남대로',NULL,'02-3331-3517',37.492094387276,127.029941585553,'LEVEL_08',1170,50,10,10,'2023-10-05 21:13:14','ssafy','SHIBA','BASIC'),(9,'서울 서초구 서초대로 398 (서초동)','강남역금융센터',NULL,'02-549-0134',37.496887797272,127.024979109918,'LEVEL_06',270,50,10,10,'2023-09-16 20:00:52','ssafy','SHIBA','BASIC'),(10,'서울 강남구 테헤란로 146 (역삼동)','강남중앙',NULL,'02-557-0314',37.500012162042,127.035469457209,'LEVEL_06',0,50,10,10,'2023-09-07 17:17:26','manager','SHIBA','BASIC'),(11,'서울 강동구 올림픽로 674 (천호동)','강동금융센터',NULL,'02-409-8964',37.541376762636,127.124558993504,'LEVEL_06',0,50,10,10,'2023-09-07 17:17:26','manager','SHIBA','BASIC'),(12,'서울 강북구 도봉로89길 13 강북구청 1층 (수유동)','강북구청',NULL,'02-6554-7155',37.639374706602,127.025422173931,'LEVEL_06',0,50,10,10,'2023-09-07 17:17:26','manager','SHIBA','BASIC'),(13,'서울 강북구 도봉로 364','강북금융센터',NULL,'02-914-6013',37.639717970195,127.027856916771,'LEVEL_06',0,50,10,10,'2023-09-07 17:17:26','manager','SHIBA','BASIC'),(14,'서울 송파구 오금로 396 (가락동) SK파크타워 1층','개롱역',NULL,'02-461-3019',37.497987689254,127.133917332259,'LEVEL_06',0,50,10,10,'2023-09-07 17:17:26','manager','SHIBA','BASIC'),(15,'서울 구로구 경인로 323 (개봉동)','개봉동',NULL,'02-2654-4609',37.497566259518,126.856105986166,'LEVEL_06',0,50,10,10,'2023-09-07 17:17:26','manager','SHIBA','BASIC'),(16,'서울특별시 송파구 올림픽로212 (잠실동 40) 갤러리아팰리스 단지내상가','갤러리아팰리스',NULL,'02-2227-8037',37.511016759469,127.093900149393,'LEVEL_06',0,50,10,10,'2023-09-07 17:17:26','manager','SHIBA','BASIC'),(17,'서울 광진구 능 동로 120 (화양동) 건국대학교 학생회관','건국대학교',NULL,'02-464-7244',37.541823538263,127.0780213315,'LEVEL_06',0,50,10,10,'2023-09-07 17:17:26','manager','SHIBA','BASIC'),(18,'서울 종로구 새문안로3길 23 (내수동)','경희궁',NULL,'02-742-9475',37.573451455678,126.972547839707,'LEVEL_06',0,50,10,10,'2023-09-07 17:17:26','manager','SHIBA','BASIC'),(19,'서울 강동구 고덕로 353 고덕그라시움아파트 (고덕동)','고덕동',NULL,'02-431-3028',37.55703665837,127.16460577789,'LEVEL_06',0,50,10,10,'2023-09-07 17:17:26','manager','SHIBA','BASIC'),(21,'서울 마포구 백범로 192, SOIL사 옥 2층 (공덕동)','공덕금융센터',NULL,'02-3569-2976',37.543314908363,126.951773137901,'LEVEL_06',0,50,10,10,'2023-09-07 17:17:26','manager','SHIBA','BASIC'),(22,'서울특별시 강서구 공항대로 17 (공항동)','공항동',NULL,'02-2076-2374',37.561803973339,126.809617633902,'LEVEL_06',0,50,10,10,'2023-09-07 17:17:26','manager','SHIBA','BASIC'),(24,'서 울 중구 청계천로 54 1층  (삼각동)','광교영업부',NULL,'02-2007-5290',37.568513647494,126.983091073924,'LEVEL_06',0,50,10,10,'2023-09-07 17:17:26','manager','SHIBA','BASIC'),(25,'서울 광진구 아차산로 563 (광장동)','광장동',NULL,'02-420-7041',37.541486677269,127.097719468188,'LEVEL_06',0,50,10,10,'2023-09-07 17:17:26','manager','SHIBA','BASIC'),(26,'서울 중구 세종대로21길 39 (정동)','광화문',NULL,'02-706-9397',37.568601427989,126.976420787736,'LEVEL_06',0,50,10,10,'2023-09-07 17:17:26','manager','SHIBA','BASIC'),(27,'서울 서초구 서초대로 314 (서초동,정보통신공제조합2층)','교대역',NULL,'02-530-7749',37.494038708728,127.015901917805,'LEVEL_06',0,50,10,10,'2023-09-07 17:17:26','manager','SHIBA','BASIC'),(28,'서울 구로구 구로중앙로 68 (구로동)','구로동',NULL,'02-834-5099',37.495865491007,126.888870815894,'LEVEL_06',0,50,10,10,'2023-09-07 17:17:26','manager','SHIBA','BASIC'),(29,'서울 구로구 디지털로 272 110호 (한신 IT TOWER) (구로동)','구로디지털금융센터',NULL,'02-2670-0105',37.482562849586,126.894385693499,'LEVEL_06',0,50,10,10,'2023-09-07 17:17:26','manager','SHIBA','BASIC'),(30,'서울 구로구 경인로 557, 신한은행 (구로동)','구로역',NULL,'02-2173-1251',37.503079707721,126.879150047528,'LEVEL_06',0,50,10,10,'2023-09-07 17:17:26','manager','SHIBA','BASIC'),(31,'서울 은평구 진관2로 15-8 (진관동)','구파발역',NULL,'02-338-9563',37.635431159327,126.919543616323,'LEVEL_06',0,50,10,10,'2023-09-07 17:17:26','manager','SHIBA','BASIC'),(32,'서울 강남구 남부순환로 2806 (도곡동)','군인공제회관',NULL,'02-547-5323',37.489388511042,127.052695243998,'LEVEL_06',0,50,10,10,'2023-09-07 17:17:26','manager','SHIBA','BASIC'),(33,'서울특별시 광진구 천호대로 553 (중곡동)','군자역',NULL,'02-403-8915',37.557378545131,127.079892347997,'LEVEL_06',0,50,10,10,'2023-09-07 17:17:26','manager','SHIBA','BASIC'),(34,'서울 강동구 양재대로 1568 (명일동)','굽은다리역',NULL,'02-3971-2424',37.545445231153,127.143081228304,'LEVEL_06',0,50,10,10,'2023-09-07 17:17:26','manager','SHIBA','BASIC'),(36,'서울 강동구 양재대로 1464 (길동)','길동',NULL,'02-491-6789',37.536376459267,127.139740097859,'LEVEL_06',0,50,10,10,'2023-09-07 17:17:26','manager','SHIBA','BASIC'),(37,'서울특별시 성북구 동소문로 229','길음동',NULL,'02-987-7391',37.602614205401,127.022234466568,'LEVEL_06',0,50,10,10,'2023-09-07 17:17:26','manager','SHIBA','BASIC'),(38,'서울특별시 강서구 하늘길 112','김포공항',NULL,'02-2867-5216',37.559059847261,126.80279302622,'LEVEL_06',0,50,10,10,'2023-09-07 17:17:26','manager','SHIBA','BASIC'),(39,'서울 관악구 난우 길 2 (신림동)','난곡',NULL,'02-860-2472',37.473194279948,126.918821498615,'LEVEL_06',0,50,10,10,'2023-09-07 17:17:26','manager','SHIBA','BASIC'),(40,'서울 서대문구 서대문구 수색로 56','남가좌동',NULL,'02-337-5144',37.570663584157,126.912787953849,'LEVEL_06',0,50,10,10,'2023-09-07 17:17:26','manager','SHIBA','BASIC'),(41,'서울 중구 소월로 3 (남창동)','남대문',NULL,'02-747-4356',37.559370664459,126.976202329268,'LEVEL_06',0,50,10,10,'2023-09-07 17:17:26','manager','SHIBA','BASIC'),(42,'서울 양천구 신월로 386 서울남부지방법원 (신정동)','남부법원',NULL,'02-2685-9708',37.521796528443,126.864792651823,'LEVEL_06',0,50,10,10,'2023-09-07 17:17:26','manager','SHIBA','BASIC'),(43,'서울 서초구 효령로 285, (서초동)','남부터미널',NULL,'02-530-5069',37.485104428836,127.015461882302,'LEVEL_06',0,50,10,10,'2023-09-07 17:17:26','manager','SHIBA','BASIC'),(44,'서울특별시 동작구 만양로 105','노량진역',NULL,'02-834-5776',37.51286673831,126.943950761533,'LEVEL_06',0,50,10,10,'2023-09-07 17:17:26','manager','SHIBA','BASIC'),(45,'서울 노원구 동일로 1404 (상계동)','노원역',NULL,'02-926-3332',37.654024261877,127.06107363928,'LEVEL_06',0,50,10,10,'2023-09-07 17:17:26','manager','SHIBA','BASIC'),(46,'서울 강남구 강남대로 468 (역삼동)','논현동',NULL,'02-542-0456',37.504207415091,127.025125075776,'LEVEL_06',0,50,10,10,'2023-09-07 17:17:26','manager','SHIBA','BASIC'),(48,'서울 동대문구 전농로 22 (답십리동)','답십리',NULL,'02-2130-2917',37.566649953973,127.056751715289,'LEVEL_06',0,50,10,10,'2023-09-07 17:17:26','manager','SHIBA','BASIC'),(49,'서울 영등포구 영등포로 109 영등포유통상가 (당산동2가)','당산동',NULL,'02-2639-5655',37.522079261976,126.894598304583,'LEVEL_06',0,50,10,10,'2023-09-07 17:17:26','manager','SHIBA','BASIC'),(50,'서울 영등포구 당산로41길 11 (당산동4가)','당산역금융센터',NULL,'02-2603-9725',37.530858528701,126.898149104756,'LEVEL_06',0,50,10,10,'2023-09-07 17:17:26','manager','SHIBA','BASIC'),(51,'서울 영등포구 시흥대로 617 (대림동)','대림동',NULL,'02-875-3231',37.487481888759,126.904560211707,'LEVEL_06',0,50,10,10,'2023-09-07 17:17:26','manager','SHIBA','BASIC'),(52,'서울 강남구 삼성로 238, 2층 (대치동)','대치동',NULL,'02-598-2122',37.498650941936,127.061362473213,'LEVEL_06',0,50,10,10,'2023-09-07 17:17:26','manager','SHIBA','BASIC'),(53,'서울특별시 강남구 삼성로 150','대치역',NULL,'02-598-2510',37.495045844893,127.066338501679,'LEVEL_06',0,50,10,10,'2023-09-07 17:17:26','manager','SHIBA','BASIC'),(54,'서울 종로구 대학로 146 (혜화동)','대학로',NULL,'02-3110-9764',37.58424243455,127.002032849914,'LEVEL_06',0,50,10,10,'2023-09-07 17:17:26','manager','SHIBA','BASIC'),(55,'서울 마포구 백범로 88 한국경영자총협회 (대흥동)','대흥역',NULL,'02-768-9197',37.548050752144,126.941040479338,'LEVEL_06',0,50,10,10,'2023-09-07 17:17:26','manager','SHIBA','BASIC'),(58,'서울특별시 강남구 남부순환로 2912, 그랑프리엔상가1층(대치동)','도곡역',NULL,'02-584-6062',37.49083389014,127.05593317329,'LEVEL_06',0,50,10,10,'2023-09-07 17:17:26','manager','SHIBA','BASIC'),(59,'서울 강남구 역삼로 310 (한솔필리아 1층) (역삼동)','도곡중앙',NULL,'02-512-3354',37.499178948164,127.04839437221,'LEVEL_06',0,50,10,10,'2023-09-07 17:17:26','manager','SHIBA','BASIC'),(60,'서울 강남구 도산 대로 318 2층 (논현동, SB타워)','도산대로',NULL,'02-521-3498',37.521936949651,127.036431278703,'LEVEL_06',0,50,10,10,'2023-09-07 17:17:26','manager','SHIBA','BASIC'),(61,'서울 금천구 시흥대로 446 (독산동)','독산동금융센터',NULL,'02-842-4016',37.473265322947,126.898792180601,'LEVEL_06',0,50,10,10,'2023-09-07 17:17:26','manager','SHIBA','BASIC'),(62,'서울 성북구 동소문로 89 (동소문동6가)','돈암동',NULL,'02-983-4402',37.5926071662,127.015082901993,'LEVEL_06',0,50,10,10,'2023-09-07 17:17:26','manager','SHIBA','BASIC'),(63,'서울 중구 필동로1길 30 명진관 (장충동2가)','동국대학교',NULL,'02-2941-0402',37.55761760333,127.000126825008,'LEVEL_06',0,50,10,10,'2023-09-07 17:17:26','manager','SHIBA','BASIC'),(64,'서울특별시 중구 마장로 11','동대문',NULL,'02-2353-3956',37.56848121263,127.011457227137,'LEVEL_06',0,50,10,10,'2023-09-07 17:17:26','manager','SHIBA','BASIC'),(65,'서울 종로구 종로 272 (종로6가)','동대문 종합시장',NULL,'02-2632-6034',37.570864813157,127.008089726985,'LEVEL_06',0,50,10,10,'2023-09-07 17:17:26','manager','SHIBA','BASIC'),(66,'서울 송파구 법원로 101 (문정동)','동부법원',NULL,'02-463-5607',37.483665046822,127.119656238828,'LEVEL_06',0,50,10,10,'2023-09-07 17:17:26','manager','SHIBA','BASIC'),(67,'서울 용산구 이촌로 293 (이촌동)','동부이촌동',NULL,'02-758-9024',37.518417890715,126.979283816473,'LEVEL_06',0,50,10,10,'2023-09-07 17:17:26','manager','SHIBA','BASIC'),(68,'서울특별시 강동구 양재대로 1315(성내동)','둔촌동',NULL,'02-419-9289',37.523920306207,127.134073580989,'LEVEL_06',0,50,10,10,'2023-09-07 17:17:26','manager','SHIBA','BASIC'),(69,'서울 양천구 공항대로 532 (목동)','등촌역',NULL,'02-3279-8031',37.550704442816,126.865113441583,'LEVEL_06',0,50,10,10,'2023-09-07 17:17:26','manager','SHIBA','BASIC'),(72,'서울 금천구 가산디지털1로 186 (가산동)','디지털중앙',NULL,'02-819-9297',37.482398152575,126.881730389888,'LEVEL_06',0,50,10,10,'2023-09-07 17:17:26','manager','SHIBA','BASIC'),(73,'서울 성동구 아차산로 33 (성수동1가)','뚝섬역',NULL,'02-3834-5024',37.547122647673,127.048546789024,'LEVEL_06',0,50,10,10,'2023-09-07 17:17:26','manager','SHIBA','BASIC'),(75,'서울 강서구 공항대로 195 (마곡동)','마곡역금융센터',NULL,'02-6473-1082',37.559988052085,126.829210723837,'LEVEL_06',0,50,10,10,'2023-09-07 17:17:26','manager','SHIBA','BASIC'),(76,'서울 노원구 동일로 1546 (상계동)','마들역',NULL,'02-975-9936',37.666503787218,127.057598570141,'LEVEL_06',0,50,10,10,'2023-09-07 17:17:26','manager','SHIBA','BASIC'),(78,'서울 마포구 마포대로 136 1층  (공덕동)','마포',NULL,'02-3377-0338',37.546268990813,126.953211828392,'LEVEL_06',0,50,10,10,'2023-09-07 17:17:26','manager','SHIBA','BASIC'),(79,'서울 마포구 마포대로 68 마포아크로타워 (도화동) 2층 신한은행 마포중앙','마포중앙',NULL,'02-765-2401',37.54149983863,126.949114998345,'LEVEL_06',0,50,10,10,'2023-09-07 17:17:26','manager','SHIBA','BASIC'),(81,'서울 중구  명동길 43 신한은행 명동금융센터 (명동1가)','명동',NULL,'02-724-3981',37.563932612182,126.984651337597,'LEVEL_06',0,50,10,10,'2023-09-07 17:17:26','manager','SHIBA','BASIC'),(82,'서울 강동구 구천면로 427 신한은행 명일역지점 (명일동)','명일역',NULL,'02-3032-1473',37.550457116223,127.146193261851,'LEVEL_06',0,50,10,10,'2023-09-07 17:17:26','manager','SHIBA','BASIC'),(83,'서울 양천구 목동서로 349, 센트럴프라자 2층','목동',NULL,'02-2374-9544',37.517580718049,126.865258396423,'LEVEL_06',0,50,10,10,'2023-09-07 17:17:26','manager','SHIBA','BASIC'),(84,'서울 양천구 목동로 212 목동신시가지아파트 7단지 A상가 (목동)','목동역',NULL,'02-2634-4010',37.526256527024,126.866158177109,'LEVEL_06',0,50,10,10,'2023-09-07 17:17:26','manager','SHIBA','BASIC'),(86,'서울 양천구 목동동로 411 (목동)','목동중앙금융 센터',NULL,'02-2476-8035',37.536715810149,126.882153750965,'LEVEL_06',0,50,10,10,'2023-09-07 17:17:26','manager','SHIBA','BASIC'),(87,'서울 양천구 목동동로 293 (목동)','목동현대',NULL,'02-2265-8708',37.528136760945,126.875637698411,'LEVEL_06',0,50,10,10,'2023-09-07 17:17:26','manager','SHIBA','BASIC'),(88,'서울 강남구 영동대로 513, 1층 (삼 성동, 무역센터코엑스(COEX))','무역센터',NULL,'02-6957-1132',37.510978279068,127.060486974344,'LEVEL_06',0,50,10,10,'2023-09-07 17:17:26','manager','SHIBA','BASIC'),(89,'서울 송파구 송파대로 167 문정역테라타워 (문정동)','문정역금융센터',NULL,'02-472-2466',37.484952440773,127.121979810035,'LEVEL_06',0,50,10,10,'2023-09-07 17:17:26','manager','SHIBA','BASIC'),(90,'서울 강북구 도봉로 151 (미아동)','미아동',NULL,'02-922-1941',37.622302278298,127.027400489669,'LEVEL_06',0,50,10,10,'2023-09-07 17:17:26','manager','SHIBA','BASIC'),(92,'서울 서초구 서초중앙로 238 (반포동, 가든리체상가1층)','반포남금융센터',NULL,'02-588-4353',37.502882111749,127.011783164725,'LEVEL_06',0,50,10,10,'2023-09-07 17:17:26','manager','SHIBA','BASIC'),(93,'서울 서초구 반포대로 287 (반포동,반포래미안퍼스티지 중심상가 2층) (반포동)','반포래미안',NULL,'02-3257-6515',37.504144706747,127.00116240791,'LEVEL_06',0,50,10,10,'2023-09-07 17:17:26','manager','SHIBA','BASIC'),(94,'서울 서초구 서래로 34 (반포동)','반포서래',NULL,'02-567-8912',37.498067533612,126.998555575254,'LEVEL_06',0,50,10,10,'2023-09-07 17:17:26','manager','SHIBA','BASIC'),(95,'서울 서초구 잠원로3길 40 (잠원동)','반포중앙',NULL,'02-506-4007',37.50814780616,127.003557095947,'LEVEL_06',0,50,10,10,'2023-09-07 17:17:26','manager','SHIBA','BASIC'),(97,'서울 서초구 방배로 148 (방배동)','방배중앙',NULL,'02-552-2609',37.487160238285,126.994126539499,'LEVEL_06',0,50,10,10,'2023-09-07 17:17:26','manager','SHIBA','BASIC'),(99,'서울특별시 도봉 구 방학로 136','방학동',NULL,'02-3085-2144',37.663107042694,127.03680196861,'LEVEL_06',0,50,10,10,'2023-09-07 17:17:26','manager','SHIBA','BASIC'),(100,'서울 강서구 금낭화로 135 2층  (방화동)','방화역',NULL,'02-2020-9594',37.577630123631,126.812472662152,'LEVEL_06',0,50,10,10,'2023-09-07 17:17:26','manager','SHIBA','BASIC'),(101,'서울 서초 구 법원로 15 정곡빌딩 서관1층 (서초동)','법조타운',NULL,'02-571-6741',37.494113323004,127.009951065118,'LEVEL_06',0,50,10,10,'2023-09-07 17:17:26','manager','SHIBA','BASIC'),(102,'서울 동작구 보라매로5가길 24 1층  (신대방동)',' 보라매',NULL,'02-853-9141',37.490471972104,126.924072120279,'LEVEL_06',0,50,10,10,'2023-09-07 17:17:26','manager','SHIBA','BASIC'),(103,'서울 동작구 상도로 1, 신한은행 보라매역금융센터 (대방동)','보라매역금융센터',NULL,'02-832-4493',37.500180968848,126.920671426767,'LEVEL_06',0,50,10,10,'2023-09-07 17:17:26','manager','SHIBA','BASIC'),(104,'서울 성북구 보문로 121 신한은행 보문동지점 (보문동2가)','보문동',NULL,'02-981-4247',37.585798908891,127.018728852153,'LEVEL_06',0,50,10,10,'2023-09-07 17:17:26','manager','SHIBA','BASIC'),(105,'서울 강남구 봉은사로 609','봉은사로',NULL,'02-3925-5862',37.51475972096,127.061766096263,'LEVEL_06',0,50,10,10,'2023-09-07 17:17:26','manager','SHIBA','BASIC'),(106,'경기 성남시 분당구 구미로 173번길 82 (구미동.분당서울대학교병원)','분당서울대학교병원',NULL,'031-865-9003',37.352057256533,127.123042396863,'LEVEL_06',0,50,10,10,'2023-09-07 17:17:26','manager','SHIBA','BASIC'),(107,'서울 은평구 통일로 730 보광빌딩 (불광동)','불광동',NULL,'02-395-2152',37.610695340058,126.929989652333,'LEVEL_06',0,50,10,10,'2023-09-07 17:17:26','manager','SHIBA','BASIC'),(108,'서울 중랑구 면목로 342','사가정역',NULL,'02-492-4577',37.582385921225,127.088687971538,'LEVEL_06',0,50,10,10,'2023-09-07 17:17:26','manager','SHIBA','BASIC'),(110,'서울 동작구 남부순환로 2053 (사당동)','사당역',NULL,'02-3975-1311',37.479614549184,126.981351538148,'LEVEL_06',0,50,10,10,'2023-09-07 17:17:26','manager','SHIBA','BASIC'),(111,'서울 동작구 동작대로 123 1층  2층 네오시 떼 (사당동)','사당중앙',NULL,'02-500-5006',37.487684052781,126.981883951618,'LEVEL_06',0,50,10,10,'2023-09-07 17:17:26','manager','SHIBA','BASIC'),(113,'서울 강남구 일원로 81 삼성서울병원 (일원동)','삼성서울병원',NULL,'02-2987-6438',37.488568414618,127.08483661517,'LEVEL_06',0,50,10,10,'2023-09-07 17:17:26','manager','SHIBA','BASIC'),(114,'서울 강남구 테헤란로 516 1층 정헌빌딩 (대치동)','삼성역',NULL,'02-526-7751',37.507461247092,127.060021070775,'LEVEL_06',0,50,10,10,'2023-09-07 17:17:26','manager','SHIBA','BASIC'),(116,'서울 동작구 상도로 241','상도역',NULL,'02-898-4108',37.505311607427,126.945488956702,'LEVEL_06',0,50,10,10,'2023-09-07 17:17:26','manager','SHIBA','BASIC'),(117,'서울 중랑구 면목로 460 (상봉동)','상봉역',NULL,'02-422-9938',37.593059438351,127.086556304101,'LEVEL_06',0,50,10,10,'2023-09-07 17:17:26','manager','SHIBA','BASIC'),(118,'서울 마포구 월드컵북로 361 (상암동)','상암동금융센 터',NULL,'02-6947-0494',37.577055811902,126.891763903034,'LEVEL_06',0,50,10,10,'2023-09-07 17:17:26','manager','SHIBA','BASIC'),(120,'서울 마포구 양화로 111 (서교동)','서교중앙',NULL,'02-385-5366',37.553794043552,126.91898864991,'LEVEL_06',0,50,10,10,'2023-09-07 17:17:26','manager','SHIBA','BASIC'),(121,'서울 서대문구 충정로 77 (충정로2가)','서대문역',NULL,'02-302-3499',37.565526186944,126.965990939136,'LEVEL_06',0,50,10,10,'2023-09-07 17:17:26','manager','SHIBA','BASIC'),(122,'서울 마포구 마포대로 174,(공덕동,서울서부지방법원 2층)','서부법원',NULL,'02-768-6762',37.549678467747,126.955677511258,'LEVEL_06',0,50,10,10,'2023-09-07 17:17:26','manager','SHIBA','BASIC'),(123,'서울 중구 서소문로 116 유원빌딩 (서소문동)','서소문',NULL,'02-739-6701',37.562731984686,126.974016133202,'LEVEL_06',0,50,10,10,'2023-09-07 17:17:26','manager','SHIBA','BASIC'),(124,'서울시 영등포구 국회대로70길 19 (여의도동, 대하빌딩)','서여의도',NULL,'02-770-0380',37.52938545505,126.920807794288,'LEVEL_06',0,50,10,10,'2023-09-07 17:17:26','manager','SHIBA','BASIC'),(125,'서울 관악구 남부순환로 1778 (봉천동)','서울대역센터',NULL,'02-833-7159',37.481443869047,126.947452457335,'LEVEL_06',0,50,10,10,'2023-09-07 17:17:26','manager','SHIBA','BASIC'),(127,'서울 관악구 관악로 1, 학생회관 1층 (신림동)','서울대학교',NULL,'02-893-7612',37.458943683864,126.950840596292,'LEVEL_06',0,50,10,10,'2023-09-07 17:17:26','manager','SHIBA','BASIC'),(128,'서울 종로구 대학로 101, 서울대학교병원 대한외래 지하1층 (연건동)','서울대학교병원',NULL,'02-765-6616',37.578338993036,126.999988328323,'LEVEL_06',0,50,10,10,'2023-09-07 17:17:26','manager','SHIBA','BASIC'),(129,'서울 중구 을지로 30 (소공동, 롯데호텔 지상 6층)','서울롯데',NULL,'02-734-1620',37.565529555218,126.980892333649,'LEVEL_06',0,50,10,10,'2023-09-07 17:17:26','manager','SHIBA','BASIC'),(130,'서울 중구 세종대로 110 서울특별시청사 (태평로1가)','서울시청금융센터',NULL,'02-6022-7278',37.566502513911,126.978734132596,'LEVEL_06',0,50,10,10,'2023-09-07 17:17:26','manager','SHIBA','BASIC'),(131,'서울 송파구 올림픽로 106 상 록빌딩 (잠실동)','서잠실',NULL,'02-419-6916',37.511454467148,127.082424226052,'LEVEL_06',0,50,10,10,'2023-09-07 17:17:26','manager','SHIBA','BASIC'),(132,'서울 서초구 남부순환로 2584 서초구청 1층 (서초동)','서초구청',NULL,'02-6782-0650',37.483570913785,127.033071558227,'LEVEL_06',0,50,10,10,'2023-09-07 17:17:26','manager','SHIBA','BASIC'),(133,'서울 서초구 반포대로 101 (서초동)','서초동',NULL,'02-581-0216',37.489275636128,127.008410335799,'LEVEL_06',0,50,10,10,'2023-09-07 17:17:26','manager','SHIBA','BASIC'),(135,'서울 강남구 테헤란로 329 (역삼동)','선릉',NULL,'02-566-7223',37.50453004042,127.047615411898,'LEVEL_06',0,50,10,10,'2023-09-07 17:17:26','manager','SHIBA','BASIC'),(136,'서울 강남구 테헤란로 410 (대치동)','선릉중앙',NULL,'02-567-8841',37.504532212779,127.050545745469,'LEVEL_06',0,50,10,10,'2023-09-07 17:17:26','manager','SHIBA','BASIC'),(137,'서울 영등포구 양평로 99 대명빌딩 1층 (양평동4가)','선유도역',NULL,'02-2570-1055',37.536508190529,126.896032353534,'LEVEL_06',0,50,10,10,'2023-09-07 17:17:26','manager','SHIBA','BASIC'),(138,'서울 성동구 왕십리로 342, 1층 신한은행 (도선동)','성동',NULL,'02-2189-8487',37.564803488285,127.024650100248,'LEVEL_06',0,50,10,10,'2023-09-07 17:17:26','manager','SHIBA','BASIC'),(139,'서울 성동구 고산자로 270 성동구청 1층 (행당동)','성동구청',NULL,'02-6010-1028',37.56340104395,127.03691046463,'LEVEL_06',0,50,10,10,'2023-09-07 17:17:26','manager','SHIBA','BASIC'),(140,'서울 성동구 아차산로7길 21 신한은행성수동금융센터 (성수동2가)','성수동',NULL,'02-482-8422',37.547200197194,127.054727329127,'LEVEL_06',0,50,10,10,'2023-09-07 17:17:26','manager','SHIBA','BASIC'),(141,'서울 중구 세종대로18길 16, 1층 (북창동)','소공중앙',NULL,'02-765-5898',37.563542934879,126.978018761906,'LEVEL_06',0,50,10,10,'2023-09-07 17:17:26','manager','SHIBA','BASIC'),(142,'서울 송파구  송파대로 345 헬리오시티 상가 1A동 (가락동)','송파',NULL,'02-476-2423',37.499907754306,127.111394273806,'LEVEL_06',0,50,10,10,'2023-09-07 17:17:26','manager','SHIBA','BASIC'),(143,'서울 노원구 동일로 1673 (상계동)','수락산역',NULL,'02-980-8195',37.678003787477,127.054933345293,'LEVEL_06',0,50,10,10,'2023-09-07 17:17:26','manager','SHIBA','BASIC'),(144,'서울 용산구 청파로47가길 6 (청파동3가)','숙명여자대학교',NULL,'02-738-1765',37.544626901169,126.966649457682,'LEVEL_06',0,50,10,10,'2023-09-07 17:17:26','manager','SHIBA','BASIC'),(145,'서울 광진구 아차산로 272 스타 시티쇼핑몰(자양동,더샵스타시티)','스타시티금융센터',NULL,'02-2350-3134',37.538724826635,127.073545050464,'LEVEL_06',0,50,10,10,'2023-09-07 17:17:26','manager','SHIBA','BASIC'),(147,'서울 금천구 시흥대로 230 (시흥동)','시흥동',NULL,'02-848-6275',37.454366598142,126.901114328717,'LEVEL_06',0,50,10,10,'2023-09-07 17:17:26','manager','SHIBA','BASIC'),(148,'서울 중랑구 봉화산로 194 (신내동)','신내동',NULL,'02-450-9354',37.606446312143,127.094900048933,'LEVEL_06',0,50,10,10,'2023-09-07 17:17:26','manager','SHIBA','BASIC'),(149,'서울 중구 다산로 220, 1층 (신당동)','신당 동',NULL,'02-2450-1523',37.562702217322,127.015503258249,'LEVEL_06',0,50,10,10,'2023-09-07 17:17:26','manager','SHIBA','BASIC'),(152,'서울 관악구 신원로 26 상가 (신림동,신림동부아파트) (신림동)','신림동',NULL,'02-815-0775',37.481398600197,126.928462394527,'LEVEL_06',0,50,10,10,'2023-09-07 17:17:26','manager','SHIBA','BASIC'),(153,'서울특별 시 강남구 강남대로 606 삼주빌딩 1층','신사동',NULL,'02-561-6479',37.51585933616,127.020015730171,'LEVEL_06',0,50,10,10,'2023-09-07 17:17:26','manager','SHIBA','BASIC'),(155,'서울 양천구 신월로 163 (신월동)','신월동',NULL,'02-2583-7637',37.517908711201,126.841209112573,'LEVEL_06',0,50,10,10,'2023-09-07 17:17:26','manager','SHIBA','BASIC'),(156,'서울특별시 서대문구 신촌로 99(창천동,엘리트빌딩 2,3층)','신촌',NULL,'02-335-9198',37.554994179184,126.935995771158,'LEVEL_06',0,50,10,10,'2023-09-07 17:17:26','manager','SHIBA','BASIC'),(157,'서울 용산구 독서당로 111, 더줌아트센터 1층 (한남동)','신한PWM한남동센터',NULL,'02-6594-1823',37.535743897613,127.007052815146,'LEVEL_06',0,50,10,10,'2023-09-07 17:17:26','manager','SHIBA','BASIC'),(158,'서울 도봉구 도봉로 468 홍일빌딩 1층 (창동)','쌍문역',NULL,'02-959-7392',37.647323974169,127.034338135659,'LEVEL_06',0,50,10,10,'2023-09-07 17:17:26','manager','SHIBA','BASIC'),(161,'서울 강남구 압구정로 344 (신사동)','압구정갤러리아',NULL,'02-567-7897',37.527782296104,127.039903559346,'LEVEL_06',0,50,10,10,'2023-09-07 17:17:26','manager','SHIBA','BASIC'),(163,'서울 강남구 압구정로 152, 1층 (신사 동)','압구정역',NULL,'02-3463-3412',37.525627369089,127.026053152666,'LEVEL_06',0,50,10,10,'2023-09-07 17:17:26','manager','SHIBA','BASIC'),(164,'서울 강남구 압구정로 220 (신사동)','압구정중앙',NULL,'02-560-8117',37.528262458218,127.031355778505,'LEVEL_06',0,50,10,10,'2023-09-07 17:17:26','manager','SHIBA','BASIC'),(165,'서울 서초구 논현로 87 (양재동)','양재동',NULL,'02-545-9981',37.477484557402,127.044057506105,'LEVEL_06',0,50,10,10,'2023-09-07 17:17:26','manager','SHIBA','BASIC'),(166,'서울 강남구 강남대로 240, 양재SK허브프리모 2층 (도곡동)','양재역금융센터',NULL,'02-3752-1622',37.485134918174,127.03424949506,'LEVEL_06',0,50,10,10,'2023-09-07 17:17:26','manager','SHIBA','BASIC'),(168,'서울 강서구 양천로 344 (마곡동)','양천향교역',NULL,'02-2312-3933',37.568739072931,126.840229455188,'LEVEL_06',0,50,10,10,'2023-09-07 17:17:26','manager','SHIBA','BASIC'),(169,'서울 영등포구 국제금융로8길 25 주택건설 회관빌딩 (여의도동)','여의도',NULL,'02-731-5263',37.520410151621,126.928651560698,'LEVEL_06',0,50,10,10,'2023-09-07 17:17:26','manager','SHIBA','BASIC'),(170,'서울특별시 영등포구 여의나루로 57 신송센터빌딩 1층','여의도중앙',NULL,'02-798-0485',37.522972770833,126.925508579729,'LEVEL_06',0,50,10,10,'2023-09-07 17:17:26','manager','SHIBA','BASIC'),(171,'서울 강남구 강남대로 314 (역삼동)','역삼동',NULL,'02-513-1803',37.491269921432,127.031145831894,'LEVEL_06',370,50,10,10,'2023-09-18 17:00:31','ssafy','SHIBA','BASIC'),(172,'서울특별시 은평구 연서로 73번지','역촌동',NULL,'02-348-4940',37.605628656159,126.915016972361,'LEVEL_06',0,50,10,10,'2023-09-07 17:17:26','manager','SHIBA','BASIC'),(173,'서울 은평구 통일로 845 (대조동)','연신내',NULL,'02-360-1687',37.618565486239,126.921034516425,'LEVEL_06',0,50,10,10,'2023-09-07 17:17:26','manager','SHIBA','BASIC'),(174,'서울 종로구 김상옥로 30 (연지동,기독교연합회관1층)','연지동',NULL,'02-786-8543',37.572989603812,127.001077265934,'LEVEL_06',0,50,10,10,'2023-09-07 17:17:26','manager','SHIBA','BASIC'),(176,'서울 강남구 언주로 709 (논현동)','영동',NULL,'02-591-1431',37.516756529054,127.034743306668,'LEVEL_06',0,50,10,10,'2023-09-07 17:17:26','manager','SHIBA','BASIC'),(177,'서울 영등포구 영중로 27 (영등포동4가)','영등포',NULL,'02-2754-3569',37.518743624583,126.905115330839,'LEVEL_06',0,50,10,10,'2023-09-07 17:17:26','manager','SHIBA','BASIC'),(178,'서울 중구 세종대로9길 20 (태평로2가)','영업부',NULL,'02-2424-5709',37.561086249976,126.974854252595,'LEVEL_06',0,50,10,10,'2023-09-07 17:17:26','manager','SHIBA','BASIC'),(179,'서울특별시 송 파구 오금로 35길 17, 신한은행(오금동, 현대아파트)','오금동',NULL,'02-440-1047',37.505246449124,127.126176908486,'LEVEL_06',0,50,10,10,'2023-09-07 17:17:26','manager','SHIBA','BASIC'),(180,'서울 구로구 경인로 212 (오류동)','오류 동',NULL,'02-2649-8593',37.496060270075,126.844500770892,'LEVEL_06',0,50,10,10,'2023-09-07 17:17:26','manager','SHIBA','BASIC'),(181,'서울 송파구 양재대로 1222 (방이동)','올림픽선수촌',NULL,'02-441-6907',37.515352784491,127.132587792335,'LEVEL_06',0,50,10,10,'2023-09-07 17:17:26','manager','SHIBA','BASIC'),(182,'서울 용산구 한강대로 95 (한 강로2가, 래미안 용산 더센트럴)','용산',NULL,'02-760-6255',37.528501945218,126.966696386162,'LEVEL_06',0,50,10,10,'2023-09-07 17:17:26','manager','SHIBA','BASIC'),(183,'서울 용산구 녹사평대로 150 (이태원동)','용산구청',NULL,'02-731-1931',37.532491886206,126.990504256644,'LEVEL_06',0,50,10,10,'2023-09-07 17:17:26','manager','SHIBA','BASIC'),(184,'서울 용산구 청파로 112 (한강로3가)','용산전자',NULL,'02-752-1633',37.533112661705,126.963777374391,'LEVEL_06',0,50,10,10,'2023-09-07 17:17:26','manager','SHIBA','BASIC'),(187,'서울 노원구 마들로 111, 삼호상가 (월계동)','월 계동',NULL,'02-961-6480',37.624581413908,127.067003609235,'LEVEL_06',0,50,10,10,'2023-09-07 17:17:26','manager','SHIBA','BASIC'),(188,'서울 중구 을지로 109 (을지로3가)','을지로',NULL,'02-2588-9118',37.566460904862,126.989842690141,'LEVEL_06',0,50,10,10,'2023-09-07 17:17:26','manager','SHIBA','BASIC'),(189,'서울 중구 을지로 213 101호 (을지로5가, 정건벨라지오) (을지로5가)','을지로5가',NULL,'02-2727-8735',37.567044370716,127.001943538841,'LEVEL_06',0,50,10,10,'2023-09-07 17:17:26','manager','SHIBA','BASIC'),(190,'서울 은평구 은평로 136, 1층 (응암동)','응암동',NULL,'02-322-7085',37.600196998518,126.923034762585,'LEVEL_06',0,50,10,10,'2023-09-07 17:17:26','manager','SHIBA','BASIC'),(191,'서울 강서구 공항대로 260 (마곡동)','이대서울병원',NULL,'02-6278-8468',37.55724303617,126.83631154301,'LEVEL_06',0,50,10,10,'2023-09-07 17:17:26','manager','SHIBA','BASIC'),(192,'서울 서대문구 신촌로 183 (대현동, 유인빌딩 1층)','이대역',NULL,'02-781-7843',37.557088133435,126.946113154701,'LEVEL_06',0,50,10,10,'2023-09-07 17:17:26','manager','SHIBA','BASIC'),(193,'서울 용산구 이태원로 179, 해밀톤호텔 (이태원동)','이태원',NULL,'02-739-5615',37.53479439914,126.993544621365,'LEVEL_06',0,50,10,10,'2023-09-07 17:17:26','manager','SHIBA','BASIC'),(194,'서울 서대문구 이화여대길 52 ECC센터 B4층 (대현동)','이화여자대학교',NULL,'02-390-2138',37.56105901576,126.947170726457,'LEVEL_06',0,50,10,10,'2023-09-07 17:17:26','manager','SHIBA','BASIC'),(195,'서울 강남구 일원로 120 상가내 극동 현대아파트 (일원동)','일원역',NULL,'02-3855-5942',37.483804535806,127.083505660967,'LEVEL_06',0,50,10,10,'2023-09-07 17:17:26','manager','SHIBA','BASIC'),(196,'서울 광진구 자양로 95 (자양동)','자양동',NULL,'02-2604-9545',37.536262795846,127.083270673746,'LEVEL_06',0,50,10,10,'2023-09-07 17:17:26','manager','SHIBA','BASIC'),(197,'서울 송파구 올림픽 로 319, 1층(신천동, 교통회관내)','잠실금융센터',NULL,'02-462-3785',37.515744483992,127.105903218717,'LEVEL_06',0,50,10,10,'2023-09-07 17:17:26','manager','SHIBA','BASIC'),(198,'서울 송파구 올림픽로 435 잠실파크리오A상가 2층 (신 천동)','잠실나루역',NULL,'02-3425-6537',37.520868090775,127.104371168376,'LEVEL_06',0,50,10,10,'2023-09-07 17:17:26','manager','SHIBA','BASIC'),(199,'서울 송파구 석촌호수로 133 (레이크펠리스 단지내 상가 B동 2층)','잠실남',NULL,'02-441-2626',37.507620536197,127.091836668761,'LEVEL_06',0,50,10,10,'2023-09-07 17:17:26','manager','SHIBA','BASIC'),(200,'서울 송파구 올림픽로 269 (신천동) 롯데캐슬골드 1층','잠실롯데캐슬',NULL,'02-456-4659',37.514543562903,127.099912259618,'LEVEL_06',0,50,10,10,'2023-09-07 17:17:26','manager','SHIBA','BASIC'),(202,'서울 서초구 잠원로14길 29 1층  롯데건설복지센터 (잠원동)','잠원동',NULL,'02-535-9320',37.517778672903,127.015465693931,'LEVEL_06',0,50,10,10,'2023-09-07 17:17:26','manager','SHIBA','BASIC'),(203,'서울 동대문구 장한로 119 (장안동)','장안동',NULL,'02-2808-4141',37.571342576453,127.070460142699,'LEVEL_06',0,50,10,10,'2023-09-07 17:17:26','manager','SHIBA','BASIC'),(204,'서울 성북구 화랑로25길 29 (상월곡동)','장위동',NULL,'02-950-5864',37.610747755814,127.057804426235,'LEVEL_06',0,50,10,10,'2023-09-07 17:17:26','manager','SHIBA','BASIC'),(205,'서울 동대문구 천호대로 425','장한평역금융센터',NULL,'02-2618-3667',37.561583249277,127.066156935666,'LEVEL_06',0,50,10,10,'2023-09-07 17:17:26','manager','SHIBA','BASIC'),(206,'서울 동대문구 왕산로 137 (제기동)','제기동역',NULL,'02-975-9654',37.578559744633,127.038707916471,'LEVEL_06',0,50,10,10,'2023-09-07 17:17:26','manager','SHIBA','BASIC'),(207,'서울특별시 종로구 종로 33 (청진동)','종각역',NULL,'02-701-8984',37.570643567665,126.981660848249,'LEVEL_06',0,50,10,10,'2023-09-07 17:17:26','manager','SHIBA','BASIC'),(208,'서울 종로구 우정국로 48 S&S빌딩 (견지동)','종로',NULL,'02-778-1346',37.573300593584,126.983273153223,'LEVEL_06',0,50,10,10,'2023-09-07 17:17:26','manager','SHIBA','BASIC'),(209,'서울 종로구 돈화문로 26 단 성사 (묘동)','종로중앙금융센터',NULL,'02-2342-7160',37.570916857948,126.992699940423,'LEVEL_06',0,50,10,10,'2023-09-07 17:17:26','manager','SHIBA','BASIC'),(210,'서울 노원구 한글비석로 254 (중계동, 대명프라자)','중계동',NULL,'02-920-5607',37.650468203796,127.077033255518,'LEVEL_06',0,50,10,10,'2023-09-07 17:17:26','manager','SHIBA','BASIC'),(211,'서울특별시 구로구 경인로 53길 15, (중앙유통단지 업무A동)','중앙유통단지',NULL,'02-2726-6715',37.502018568923,126.876194666539,'LEVEL_06',0,50,10,10,'2023-09-07 17:17:26','manager','SHIBA','BASIC'),(212,'서울 중랑구 동일로 796 (중화동)','중화역',NULL,'02-454-0844',37.601427198119,127.07982603791,'LEVEL_06',0,50,10,10,'2023-09-07 17:17:26','manager','SHIBA','BASIC'),(214,'서울 종로구 지봉로 29 금호팔레스빌딩 (창신동)','창신동금융센터',NULL,'02-3240-8923',37.572751189501,127.015245650322,'LEVEL_06',0,50,10,10,'2023-09-07 17:17:26','manager','SHIBA','BASIC'),(215,'서울 강남구 도산대로 506 (청담동)','청담동',NULL,'02-572-0567',37.523956610763,127.048222423626,'LEVEL_03',80,50,10,10,'2023-09-16 23:49:07','ssafy','SHIBA','BASIC'),(218,'서울 중구 퇴계로 216 1층  행복예식장 (충무로4가)',' 충무로역',NULL,'02-2919-4895',37.561285187415,126.995675171782,'LEVEL_06',0,50,10,10,'2023-09-07 17:17:26','manager','SHIBA','BASIC'),(219,'서울특별시 서대문구 충정로 8,종근당빌딩 (충정로3가,종근당빌딩)','충정로',NULL,'02-366-2257',37.559610285878,126.963327118557,'LEVEL_06',0,50,10,10,'2023-09-07 17:17:26','manager','SHIBA','BASIC'),(220,'서울 노원구 동일로 1018 (공릉동)','태릉역',NULL,'02-900-8974',37.620968257827,127.074775456555,'LEVEL_06',0,50,10,10,'2023-09-07 17:17:26','manager','SHIBA','BASIC'),(221,'서울 광진구 광나루로56길 85, 지하1층 (구의동)','테크노마트',NULL,'02-449-7088',37.535494638597,127.095657684745,'LEVEL_06',0,50,10,10,'2023-09-07 17:17:26','manager','SHIBA','BASIC'),(222,'서울특별시 강남구 테헤란로 429 (삼성동, 원방빌딩)','테헤란로',NULL,'02-574-3748',37.506355101537,127.053487863809,'LEVEL_06',0,50,10,10,'2023-09-07 17:17:26','manager','SHIBA','BASIC'),(223,'서울특별시 중구 세종대로 136(태평로1가,파이낸스빌딩)','파이낸스센터',NULL,'02-3179-1604',37.568328738889,126.977940071244,'LEVEL_06',0,50,10,10,'2023-09-07 17:17:26','manager','SHIBA','BASIC'),(224,'서울 송파구 토성로 58 (풍납동)','풍납동',NULL,'02-408-8423',37.529010070589,127.116121316065,'LEVEL_06',0,50,10,10,'2023-09-07 17:17:26','manager','SHIBA','BASIC'),(225,'서울 노원구 섬밭로 209, 단지상가 (하계동)','하계동',NULL,'02-924-9133',37.634896956896,127.065697036926,'LEVEL_06',0,50,10,10,'2023-09-07 17:17:26','manager','SHIBA','BASIC'),(226,'서울 강남구 도산대로 221 (신사동)','학동',NULL,'02-543-2886',37.521013722004,127.030891875371,'LEVEL_06',0,50,10,10,'2023-09-07 17:17:26','manager','SHIBA','BASIC'),(227,'서울 용산구 한남대로 59 (한남동)','한남동금융센터',NULL,'02-749-4669',37.534110934509,127.006690052287,'LEVEL_06',0,50,10,10,'2023-09-07 17:17:26','manager','SHIBA','BASIC'),(228,'서울 성동구 마조로 22-2, 동문회관 3층 (행당동)','한양대학교',NULL,'02-2109-0200',37.559244868239,127.041283968941,'LEVEL_06',0,50,10,10,'2023-09-07 17:17:26','manager','SHIBA','BASIC'),(229,'서울 마포구 월드컵로3길 14 (합정동)','합정역',NULL,'02-3014-5182',37.551138452354,126.912386445579,'LEVEL_06',0,50,10,10,'2023-09-07 17:17:26','manager','SHIBA','BASIC'),(230,'서울 성동구 고산자로 203(행당동)','행당동',NULL,'02-2562-6496',37.558304005753,127.033500062542,'LEVEL_06',0,50,10,10,'2023-09-07 17:17:26','manager','SHIBA','BASIC'),(231,'서울 종로구 율곡로 75 (계동)현대빌딩','현대계동',NULL,'02-774-1630',37.577970599106,126.987646367762,'LEVEL_06',0,50,10,10,'2023-09-07 17:17:26','manager','SHIBA','BASIC'),(232,'서울 서초구 헌릉로 12 (양재동) 현대기아자동차빌딩','현대모터타운',NULL,'02-574-6932',37.464536517913,127.042903569915,'LEVEL_06',0,50,10,10,'2023-09-07 17:17:26','manager','SHIBA','BASIC'),(233,'서울 마포구 와우산로 94 홍익대학교 (상수동)','홍익대학교',NULL,'02-6121-1109',37.552624064371,126.924873481373,'LEVEL_06',0,50,10,10,'2023-09-07 17:17:26','manager','SHIBA','BASIC'),(234,'서울 서대문구 통일로 433 1층  조이빌딩 (홍제동)','홍제동',NULL,'02-354-5923',37.587540798744,126.945309915933,'LEVEL_06',0,50,10,10,'2023-09-07 17:17:26','manager','SHIBA','BASIC'),(235,'서울 강서구 강서로 173, 터보빌딩 1층 (화곡동)','화곡역',NULL,'02-2727-7591',37.542011466562,126.839729284504,'LEVEL_06',0,50,10,10,'2023-09-07 17:17:26','manager','SHIBA','BASIC'),(236,'서울 종로구 자하문로 61 (통인동)','효자동',NULL,'02-750-8346',37.581302621032,126.970635047746,'LEVEL_06',0,50,10,10,'2023-09-07 17:17:26','manager','SHIBA','BASIC'),(237,'서울특별시 강남구 논현로 508(역삼동, GS타워 2층)','GS타워',NULL,'02-569-0193',37.502146199935,127.037209861827,'LEVEL_06',0,50,10,10,'2023-09-07 17:17:26','manager','SHIBA','BASIC'),(238,'서울 영등포구 여의 공원로 13 (여의도동) 한국방송공사','KBS',NULL,'02-720-5548',37.524704259313,126.916498234361,'LEVEL_06',0,50,10,10,'2023-09-07 17:17:26','manager','SHIBA','BASIC'),(239,'서울 송파구 송파대로 268 (가락동)','가락동',NULL,'02-441-5212',127.118304641903,37.493656805593,'LEVEL_06',0,50,10,10,'2023-09-08 14:18:43','manager','SHIBA','BASIC');
/*!40000 ALTER TABLE `branch` ENABLE KEYS */;
UNLOCK TABLES;

--
-- Table structure for table `branch_currency`
--

DROP TABLE IF EXISTS `branch_currency`;
/*!40101 SET @saved_cs_client     = @@character_set_client */;
/*!50503 SET character_set_client = utf8mb4 */;
CREATE TABLE `branch_currency` (
  `branch_currency_idx` bigint NOT NULL,
  `branch_idx` bigint NOT NULL,
  `currency_code` int DEFAULT NULL,
  PRIMARY KEY (`branch_currency_idx`),
  KEY `branch_fk_idx` (`branch_idx`),
  KEY `currency_fk_idx` (`currency_code`),
  CONSTRAINT `branch_fk` FOREIGN KEY (`branch_idx`) REFERENCES `branch` (`branch_idx`),
  CONSTRAINT `currency_fk` FOREIGN KEY (`currency_code`) REFERENCES `currency` (`currency_code`)
) ENGINE=InnoDB DEFAULT CHARSET=utf8mb4 COLLATE=utf8mb4_0900_ai_ci;
/*!40101 SET character_set_client = @saved_cs_client */;

--
-- Dumping data for table `branch_currency`
--

LOCK TABLES `branch_currency` WRITE;
/*!40000 ALTER TABLE `branch_currency` DISABLE KEYS */;
/*!40000 ALTER TABLE `branch_currency` ENABLE KEYS */;
UNLOCK TABLES;

--
-- Table structure for table `crypto_wallet`
--

DROP TABLE IF EXISTS `crypto_wallet`;
/*!40101 SET @saved_cs_client     = @@character_set_client */;
/*!50503 SET character_set_client = utf8mb4 */;
CREATE TABLE `crypto_wallet` (
  `Id` bigint NOT NULL AUTO_INCREMENT,
  `json_wallet` varchar(800) NOT NULL,
  `encpwd` varchar(200) NOT NULL,
  `password_key` varchar(200) NOT NULL,
  `address` varchar(200) NOT NULL,
  `coin_type` varchar(45) NOT NULL,
  `대표계좌` varchar(45) DEFAULT NULL,
  PRIMARY KEY (`Id`),
  KEY `Fk_idx` (`대표계좌`),
  CONSTRAINT `Fk` FOREIGN KEY (`대표계좌`) REFERENCES `user` (`대표계좌`)
) ENGINE=InnoDB AUTO_INCREMENT=19 DEFAULT CHARSET=utf8mb4 COLLATE=utf8mb4_0900_ai_ci;
/*!40101 SET character_set_client = @saved_cs_client */;

--
-- Dumping data for table `crypto_wallet`
--

LOCK TABLES `crypto_wallet` WRITE;
/*!40000 ALTER TABLE `crypto_wallet` DISABLE KEYS */;
INSERT INTO `crypto_wallet` VALUES (1,'{\"address\":\"036f648cff81d850ffef601fe01a3041951d94f3\",\"id\":\"9db90bb4-de00-4596-a203-1f7ab3816f64\",\"version\":3,\"crypto\":{\"cipher\":\"aes-128-ctr\",\"ciphertext\":\"a9ba3a686f0684ade65c72f1137365ddb7fe05cd3bb3ce265335293869ca4423\",\"cipherparams\":{\"iv\":\"b0d18ee181f33ed73c7bae341c03b773\"},\"kdf\":\"scrypt\",\"kdfparams\":{\"dklen\":32,\"n\":262144,\"p\":1,\"r\":8,\"salt\":\"3007bf106d564bb26a3eb6e4ba3037fc827d52b88ce221889d118c7309cd6105\"},\"mac\":\"decccb0640cc522bc550a15ace1e05b165ed4ace9493567d6b9960976733b70c\"}}','qd0Pa99azL5P9fjZAX7jzlBW/k7lWFME5vn4nCIk387lHCNZCP9EmDDQwJBZ8A1D','H31Ko7HGnKKsn0D4xz7Ylg==','0x036f648cff81d850ffef601fe01a3041951d94f3','SEP','123'),(2,'{\"address\":\"ef8b22a538ae8c4dded4fcb88ed61bb260a59503\",\"id\":\"f35f73a1-0fb3-40e2-9760-e334e15cef6c\",\"version\":3,\"crypto\":{\"cipher\":\"aes-128-ctr\",\"ciphertext\":\"6f9e1ccbe39f49950e13a1ab94ac4fbbb550634ef8f12a976f57d7d39a6c15a3\",\"cipherparams\":{\"iv\":\"3ca578b428109fa3534280ab9ec6af13\"},\"kdf\":\"scrypt\",\"kdfparams\":{\"dklen\":32,\"n\":262144,\"p\":1,\"r\":8,\"salt\":\"fa5878aeea4e25cf5640def48279a247db98e39870cf9878fa0d71c0e125bacb\"},\"mac\":\"9957b3763378b25cb8aa997e4d88100af2a8e1182e8ede46a6d6e879bd0319b8\"}}','236GlkP3TNiMEUniReIFL/Diw1bki9nWLppM8fbr9YopFjl5wxLBtz5+U24z3E/D','iOTsDK7FA++n7u9EYOpgWg==','0xef8b22a538ae8c4dded4fcb88ed61bb260a59503','SEP','110001785538'),(3,'{\"address\":\"5bf6b9ee22bacf0c6cd8c297ac07c0369473ccae\",\"id\":\"c5c94445-511a-4d9b-83e6-9459cea816fe\",\"version\":3,\"crypto\":{\"cipher\":\"aes-128-ctr\",\"ciphertext\":\"2d0a8b56ecda494dc2597d9a80248086e12b3e072b06ea626c95652116853003\",\"cipherparams\":{\"iv\":\"286134ab08d4d197a27e7d403a257f3e\"},\"kdf\":\"scrypt\",\"kdfparams\":{\"dklen\":32,\"n\":262144,\"p\":1,\"r\":8,\"salt\":\"65d0b101053c1b0998ed53a29a5348629ea9a9121ad9d333ca4ba8f60dd9f645\"},\"mac\":\"5f72d0ab04ada5500d8197b6fc5779d0dc2b754d68cd51d50418d8b5be1f9890\"}}','elhuQ47wEpzle+wdw2qE3RsU/9BCZoKmi6cp0LslrX7pPfUP5BI0TSqaw3jwFbUV','g9HLFiWW5dYHWEfRaccnSQ==','0x5bf6b9ee22bacf0c6cd8c297ac07c0369473ccae','WALFI','110001785538'),(4,'{\"address\":\"d2b7e64cdc4dec63d7ee0f9d09e3fa0a66d47134\",\"id\":\"5ce2a465-2334-4953-8319-4c0cb53ef5c6\",\"version\":3,\"crypto\":{\"cipher\":\"aes-128-ctr\",\"ciphertext\":\"e9c32dcf265ad8b1243e182e55ad16d095b638b9db18133f32882725cd114c52\",\"cipherparams\":{\"iv\":\"43697f942af85c4ea82ba1b5b4227e37\"},\"kdf\":\"scrypt\",\"kdfparams\":{\"dklen\":32,\"n\":262144,\"p\":1,\"r\":8,\"salt\":\"4f11857c111456b6538c10dc7366d156e14e064c0541043194b3dd5207d11ed2\"},\"mac\":\"f799a072689ce50cde81abd11dc37d34103fb6e0cae55af7130b676774a8a659\"}}','GXJJltJFdwD3OrXqXaBtWFf352kvGujOkvykWgJSqDxtgddVd5yy9DE+EI6uFZwz','kJqml6eZq9OI/KD0O7avhg==','0xd2b7e64cdc4dec63d7ee0f9d09e3fa0a66d47134','WALFI','123'),(5,'{\"address\":\"24cfac9727ecbf66d7d9ad8568f5f58f00428a98\",\"id\":\"71aa059c-d99f-4e84-bb87-ca556d41647a\",\"version\":3,\"crypto\":{\"cipher\":\"aes-128-ctr\",\"ciphertext\":\"9c20c0fde7780719fd556f51f10cb266f0a0a403ee3a5f1a9d81655d22b12e66\",\"cipherparams\":{\"iv\":\"2d21a462bbe22e0a1c100713da5c2571\"},\"kdf\":\"scrypt\",\"kdfparams\":{\"dklen\":32,\"n\":262144,\"p\":1,\"r\":8,\"salt\":\"d7ccbb2e8cbc4aab3942734713d32c3a2b149188a02f72cfa6599751f5aec210\"},\"mac\":\"1de5508ccdd7f9c1cc6052d0375c1957f2e42c29aaf6ed87809cc8ad60e65aa4\"}}','bW1P4+hvF0XvTbtxYuVsgiBmRl6djrGvCpa2w0CH+Gl3HB0OeWjxZHEy4TcQH8ym','mrvjy4ZsKfCOmfIw1c+JSw==','0x24cfac9727ecbf66d7d9ad8568f5f58f00428a98','SEP','130265223744'),(6,'{\"address\":\"99e234c3634fc59f458a1b0ec1c6176903b2660f\",\"id\":\"b37d9cd9-155a-43d5-a894-211dbf4fe12f\",\"version\":3,\"crypto\":{\"cipher\":\"aes-128-ctr\",\"ciphertext\":\"f8bef024983947741f990ac29785d948ae43d5f0d01e1613273f3f457c2697c0\",\"cipherparams\":{\"iv\":\"4289fc07bbc425722b4ff4d8c8bef96d\"},\"kdf\":\"scrypt\",\"kdfparams\":{\"dklen\":32,\"n\":262144,\"p\":1,\"r\":8,\"salt\":\"57bfe0f27552274b88e409dfb2ea2327eb3e0dd27fe7ef6c48095150e7ca4b43\"},\"mac\":\"036379ed1b0f8d9133cb4d5f6dbdf1718bdf9417247d46ae33683c14ccd9cd67\"}}','8t7AlpmCPv5LFAfLnPAFOtnRBv/7ZBEB2fTYAUeur+RO4g0Ff5Xf+83iKvItQVoc','SsyBHgCWhaIraXIK0FA8dg==','0x99e234c3634fc59f458a1b0ec1c6176903b2660f','WALFI','130265223744'),(7,'{\"address\":\"30697165f6d7d872c2fabcc8f649b964496c286d\",\"id\":\"0b158edc-d08c-49b2-8dee-8fec89a940f7\",\"version\":3,\"crypto\":{\"cipher\":\"aes-128-ctr\",\"ciphertext\":\"8f36019d8c6f57bef22c642f4fe1fa51536ff6d41f55cb001a8ae73cd3efe4f6\",\"cipherparams\":{\"iv\":\"8b9878280904c529ecd933d3a5a7dffb\"},\"kdf\":\"scrypt\",\"kdfparams\":{\"dklen\":32,\"n\":262144,\"p\":1,\"r\":8,\"salt\":\"5f332ed5b11c8dced5308b081fcef8998c273d4774820e92035a3b9d75d57055\"},\"mac\":\"9fc4ab60e25804d02d91457695a3d606627a86768f857b0126c12b282a496ee4\"}}','5hPrtiqovxjNrQYxwPQXRErHLiQriTjl7u5ZRTCiqB37xU7lENJPM6g7MTsORuOG','tRylNAr2Zw4me6DwQtBvCQ==','0x30697165f6d7d872c2fabcc8f649b964496c286d','SEP','130265223745'),(8,'{\"address\":\"a6db2973ffa73d728b228cf1c28a287a625cd9d2\",\"id\":\"98dfa0e3-26ce-48e4-b015-9002d5586932\",\"version\":3,\"crypto\":{\"cipher\":\"aes-128-ctr\",\"ciphertext\":\"0bd5150354c330238550bf71eb6b6c9c6e6391c1596bf50bddd9bc94c8712781\",\"cipherparams\":{\"iv\":\"82223337efc13896aba0011fa344bf74\"},\"kdf\":\"scrypt\",\"kdfparams\":{\"dklen\":32,\"n\":262144,\"p\":1,\"r\":8,\"salt\":\"26dee1ca169a1e594ca2a4ea0ea415a73a65de740666e87396f02c5bab1cd444\"},\"mac\":\"25f2469d3b4fad4c80d83d81262c4dddb78ce69cfb840795cbb7120a2c114123\"}}','jEOpMZbd3oXW0EanPe3TI1sPrAK5tFAi4OUlu+lE+wBLBd7Lt7VgfmDhxOkyeHPW','2Lk15gDqSqXi3VL47dnf+w==','0xa6db2973ffa73d728b228cf1c28a287a625cd9d2','WALFI','130265223745'),(9,'{\"address\":\"2c725d28ccfbfda6d5ffca27d19fda4e8eed4cc7\",\"id\":\"d26cb02b-6d64-4846-8dc4-1808d308f678\",\"version\":3,\"crypto\":{\"cipher\":\"aes-128-ctr\",\"ciphertext\":\"49b821818ec3ed9c8b7c7084f44a492be318d3f035625f87f405595a5627e4c1\",\"cipherparams\":{\"iv\":\"4c4cb41a39efeab74954106ee18f7c66\"},\"kdf\":\"scrypt\",\"kdfparams\":{\"dklen\":32,\"n\":262144,\"p\":1,\"r\":8,\"salt\":\"96b4cb82fbd8de2408a19f5ee00675149780389a4c80812dc8bbb2ad66eb2c4c\"},\"mac\":\"8b57fed54ec7ba6eb1670142216b210415ee75c3f16a7ff13d1c34bb435b784f\"}}','CGDqep/FFAy5c73dLVhvEBD8+YPl5WW5jRSsY6X9kzFdKmK5RdR5sRTe1je5r8R0','sO1dyqQ2T2MEtGLSawp7BA==','0x2c725d28ccfbfda6d5ffca27d19fda4e8eed4cc7','SEP','130265223746'),(10,'{\"address\":\"037e77dfcdf53073826a602008d906b1b44e3037\",\"id\":\"25db0ff6-4b8a-47fe-ba23-bb217d96bcd0\",\"version\":3,\"crypto\":{\"cipher\":\"aes-128-ctr\",\"ciphertext\":\"d70c5417847a351b9083b7c0b4201c6e7ab2e4e4e7226f0cf043f8ee94047328\",\"cipherparams\":{\"iv\":\"4306274dc7009d643b43599bd0d69389\"},\"kdf\":\"scrypt\",\"kdfparams\":{\"dklen\":32,\"n\":262144,\"p\":1,\"r\":8,\"salt\":\"762f7220333ac3ca86f6687b51c58afd2151e75f78492fa117e1f3489dd84f9c\"},\"mac\":\"afd22fdae603cad23bd76c9e5286ef8c81310219944100f36dd21401127a7504\"}}','/LnVk/B8Qv02+BuE6XhTDKFo5e9BI4DZxLJqruCbNxgrbduk/a5DeRdZH3mgeP6S','Dl4chSl7EjXRLJwD+if1CA==','0x037e77dfcdf53073826a602008d906b1b44e3037','WALFI','130265223746'),(11,'{\"address\":\"9212d2130f10c25e3bb8352fb9cc08ecc820f784\",\"id\":\"d05bc268-eea2-474d-92e5-a01ffda29d22\",\"version\":3,\"crypto\":{\"cipher\":\"aes-128-ctr\",\"ciphertext\":\"8e61b812b4cceda8c1ce0c0805ef615b1137721d99a18745981d73fd6ccedaeb\",\"cipherparams\":{\"iv\":\"59556ebc20edfd57f5dcf507a4a8dd49\"},\"kdf\":\"scrypt\",\"kdfparams\":{\"dklen\":32,\"n\":262144,\"p\":1,\"r\":8,\"salt\":\"2c19aaa72d512f159c5830f8903654943006b653d0868352b424a6be0bfcc1aa\"},\"mac\":\"b26f1395f6f48474a634893e9294084a7ae6deb2150768aa0f624c455629ed5f\"}}','8UKv9w6SodOvDJ/YXvU52I2EwNZTHZGCPRJsEycrIlssY6zvFK4aikx6Al2w+uL4','wxsQA/c78aURrdtUY4vzpw==','0x9212d2130f10c25e3bb8352fb9cc08ecc820f784','SEP','130265223747'),(12,'{\"address\":\"e9b3f8ca7ccd74036e6b6f120122e25b38909d13\",\"id\":\"20cfda54-7ece-4bcb-9ba5-05170cd4ae9f\",\"version\":3,\"crypto\":{\"cipher\":\"aes-128-ctr\",\"ciphertext\":\"008c0b8adc98e9b9f2c35d2b3939baee10c31e4ccaf853a8c62ae2aca82b778f\",\"cipherparams\":{\"iv\":\"69287d9b8dbba943a9c4265fc79ca01e\"},\"kdf\":\"scrypt\",\"kdfparams\":{\"dklen\":32,\"n\":262144,\"p\":1,\"r\":8,\"salt\":\"4c95b5912fec614e1f5cc00ef247a47c83ed999397f3ff7ae9943f6839e1efbe\"},\"mac\":\"9996702fe997ddc2fff0560f4f735926b4847d5523ca00eadb47cc61373631af\"}}','OJvHipu1vS07GYZCjU48J3hc72yJyazcNZujiYalMdw7tOdUffdrOIjbZKeClFKQ','jTYDQqxBE8bIRW0ducAz/g==','0xe9b3f8ca7ccd74036e6b6f120122e25b38909d13','WALFI','130265223747'),(13,'{\"address\":\"d28c16080dcdae0d8e307afb6ca9829bd587c9e1\",\"id\":\"4b76f0d2-2883-440b-b6d1-db2c1f106c6d\",\"version\":3,\"crypto\":{\"cipher\":\"aes-128-ctr\",\"ciphertext\":\"d9dc61386884a704cee87f3e5dfd89eba2607a0fa79463ee3ddf78fee2e56c0d\",\"cipherparams\":{\"iv\":\"216d4b11310236f2c150592a30cdad42\"},\"kdf\":\"scrypt\",\"kdfparams\":{\"dklen\":32,\"n\":262144,\"p\":1,\"r\":8,\"salt\":\"0deadd72219e290bb765fd3b0eead250ec3f82f2eee852cbfcc00efec72f5a43\"},\"mac\":\"06bc67835e5ff45991a9e9e914c82f01087732d34cacb349708cb47507554a60\"}}','xeenlAiPnSU6/FYx62VMg06CLytMWvLlunpVWdcGD5RUITCD6tjD7O5TFpcXSFcW','VPw5U3M3ZE2qANKZhK23Uw==','0xd28c16080dcdae0d8e307afb6ca9829bd587c9e1','SEP','130265223748'),(14,'{\"address\":\"60f190a1836a5af9c7ce397b5a4eedcc7076d3e7\",\"id\":\"5f12cd22-8ed2-4929-a3ba-e18b8c81a001\",\"version\":3,\"crypto\":{\"cipher\":\"aes-128-ctr\",\"ciphertext\":\"b4bfee9da213bfc28d9b4d629979fba40cd5833056fc28b120e336a4b2a5496e\",\"cipherparams\":{\"iv\":\"1c00f31437c2cf8733ac58fb81e2ea8b\"},\"kdf\":\"scrypt\",\"kdfparams\":{\"dklen\":32,\"n\":262144,\"p\":1,\"r\":8,\"salt\":\"cdb310654782b7599edd7180ba534cbcbafdb096c8d5064b27646e4f3f8e2249\"},\"mac\":\"a8dc140adc2067106fbc8b1fb70cd515e9cc19d9ceba28b5dc37e13bc29c3e7e\"}}','RTf1o9XZ4JwYkmVRfCGtcx57L39HogrjRqdmGUdcCxbwci1XSwl7cEZ4NGKAAf0S','yitSvCsLAinMb/7FQKMPug==','0x60f190a1836a5af9c7ce397b5a4eedcc7076d3e7','WALFI','130265223748'),(15,'{\"address\":\"17f65b2fe6a1e8d2693896f1bf44a5f1ccb7af6d\",\"id\":\"58093ed5-c982-4bdb-94be-483f099d4969\",\"version\":3,\"crypto\":{\"cipher\":\"aes-128-ctr\",\"ciphertext\":\"41d02dc0b0c1e137792ddeeaf41258dcf5d2045a0928e98d81168d7c4dad8ab9\",\"cipherparams\":{\"iv\":\"345dbce0260f613d0647daa0d577eb23\"},\"kdf\":\"scrypt\",\"kdfparams\":{\"dklen\":32,\"n\":262144,\"p\":1,\"r\":8,\"salt\":\"5c1f6cdb2db678dfe029f7ef9dd1cc67669a28b1636d74bd280307ca61ab238b\"},\"mac\":\"b61cbca772684884fa17c22ba51a95891154bbc266119204e3828d4dfd1637ad\"}}','6yxHn4I5jVouBBUYSYmICsb8jCOkzjNNl8WLGy1HuMiFpinpUZxufB9ppo9e22hW','N14pCsPSwMfWqrd9ISEvmA==','0x17f65b2fe6a1e8d2693896f1bf44a5f1ccb7af6d','SEP','130265223749'),(16,'{\"address\":\"1b1b5f97b1b5c9d4345cf74f59c9299511995ced\",\"id\":\"2a1664b2-b533-4507-a37d-aca2f4d20d61\",\"version\":3,\"crypto\":{\"cipher\":\"aes-128-ctr\",\"ciphertext\":\"f94a9522124a8f9e93aef2dadf88285e4eb79103b39b644fab697c4c37ed7344\",\"cipherparams\":{\"iv\":\"52046b9a34b212e1a57c7a1b8ffca925\"},\"kdf\":\"scrypt\",\"kdfparams\":{\"dklen\":32,\"n\":262144,\"p\":1,\"r\":8,\"salt\":\"b8ec84994ddfd861dbcbd2c0bd090a926303fe0ca79aff8bf2d7d9e439ae39db\"},\"mac\":\"bf7240f68e2947cf2ccd7a7c79714e72049275005cb73430b60cae08a9b92402\"}}','50YDvH1uB8ZhuvRwf4CqXkz+HpHmZCBKnD5FTmIe9HM2dw8ACeFj+3Xf8W/KcUhO','o+SJ8KQIW0QEyJa4CRgv5Q==','0x1b1b5f97b1b5c9d4345cf74f59c9299511995ced','WALFI','130265223749'),(17,'{\"address\":\"bb7a41eb0aedde4c4c7d8ae7c4047d83690178ce\",\"id\":\"63f2915d-04ff-41b5-96da-4bfe7f5b1176\",\"version\":3,\"crypto\":{\"cipher\":\"aes-128-ctr\",\"ciphertext\":\"15c7e0913c14cf13f44153618869edd70599937622336898e1191a23dc37010f\",\"cipherparams\":{\"iv\":\"2ac52406f429fa1c6a63ae08cd79a86f\"},\"kdf\":\"scrypt\",\"kdfparams\":{\"dklen\":32,\"n\":262144,\"p\":1,\"r\":8,\"salt\":\"2f19abce25c3ff0e9d68fc58b651a256c2e338ca8da63c8c05d09d7606c5a718\"},\"mac\":\"e2008048782dd4ca5bb7088c19795f5683209a4304f3ac8ba777a4be97ed2f24\"}}','IwLOZt8NbQxYJJNBruX6VCHXv6qvtG19EYnmUZS1TY9boyxBHj/iabOvIJl2kAKc','HxZA2BjXT7ZcCAqjw9OA+g==','0xbb7a41eb0aedde4c4c7d8ae7c4047d83690178ce','SEP','130265223750'),(18,'{\"address\":\"ebfc4e2a912d554d2032c327854534079d158b37\",\"id\":\"7b74ee29-8b02-4399-a998-da83248f6c80\",\"version\":3,\"crypto\":{\"cipher\":\"aes-128-ctr\",\"ciphertext\":\"414bd85e108d4a4ed095f5c439221e029fb21e32c34ba643edf476385158d46b\",\"cipherparams\":{\"iv\":\"cb395a4e4ba173f1a0b9acc119e0b923\"},\"kdf\":\"scrypt\",\"kdfparams\":{\"dklen\":32,\"n\":262144,\"p\":1,\"r\":8,\"salt\":\"bd462c15895789656d6101a175dd90b36d352ce4066b7a7366f8ae4fffebd025\"},\"mac\":\"af586530b32ad583581cca2fc54a2a44a6dd8cc6b6be2d7dd0cabb4223c1f909\"}}','EMgOD0l5hX9kFWgoEjbHUvZ6RxAeHgUK2AsvpSSZytWR0mUVIGJmrDizeXewiaj4','hexr+5+0dhp0dXZ+2zZ15Q==','0xebfc4e2a912d554d2032c327854534079d158b37','WALFI','130265223750');
/*!40000 ALTER TABLE `crypto_wallet` ENABLE KEYS */;
UNLOCK TABLES;

--
-- Table structure for table `currency`
--

DROP TABLE IF EXISTS `currency`;
/*!40101 SET @saved_cs_client     = @@character_set_client */;
/*!50503 SET character_set_client = utf8mb4 */;
CREATE TABLE `currency` (
  `currency_code` int NOT NULL,
  `currency` char(3) NOT NULL,
  PRIMARY KEY (`currency_code`)
) ENGINE=InnoDB DEFAULT CHARSET=utf8mb4 COLLATE=utf8mb4_0900_ai_ci;
/*!40101 SET character_set_client = @saved_cs_client */;

--
-- Dumping data for table `currency`
--

LOCK TABLES `currency` WRITE;
/*!40000 ALTER TABLE `currency` DISABLE KEYS */;
INSERT INTO `currency` VALUES (1,'USD'),(2,'JPY'),(3,'EUR'),(4,'CNY'),(5,'AUD');
/*!40000 ALTER TABLE `currency` ENABLE KEYS */;
UNLOCK TABLES;

--
-- Table structure for table `exchange_history`
--

DROP TABLE IF EXISTS `exchange_history`;
/*!40101 SET @saved_cs_client     = @@character_set_client */;
/*!50503 SET character_set_client = utf8mb4 */;
CREATE TABLE `exchange_history` (
  `고시번호` bigint NOT NULL AUTO_INCREMENT,
  `고시일자` date DEFAULT NULL,
  `통화코드` varchar(5) DEFAULT NULL,
  `통화명` varchar(45) DEFAULT NULL,
  `전신환매입환율` decimal(10,2) DEFAULT NULL,
  `전신환매도환율` decimal(10,2) DEFAULT NULL,
  `매매기준환율` decimal(10,2) DEFAULT NULL,
  `전일대비` decimal(10,2) DEFAULT '0.00',
  PRIMARY KEY (`고시번호`)
) ENGINE=InnoDB AUTO_INCREMENT=66 DEFAULT CHARSET=utf8mb4 COLLATE=utf8mb4_0900_ai_ci;
/*!40101 SET character_set_client = @saved_cs_client */;

--
-- Dumping data for table `exchange_history`
--

LOCK TABLES `exchange_history` WRITE;
/*!40000 ALTER TABLE `exchange_history` DISABLE KEYS */;
INSERT INTO `exchange_history` VALUES (21,'2023-09-20','AUD','호주 달러',863.45,846.36,854.91,0.41),(22,'2023-09-20','CNH','위안화',183.09,179.46,181.28,-2.81),(23,'2023-09-20','EUR','유로',1428.25,1399.96,1414.11,-2.81),(24,'2023-09-20','JPY','일본 옌',905.14,887.21,896.18,5.87),(25,'2023-09-20','USD','미국 달러',1336.93,1310.46,1323.70,-37.20),(26,'2023-09-21','AUD','호주 달러',865.49,848.36,856.93,-2.02),(27,'2023-09-21','CNH','위안화',183.67,180.04,181.86,-0.58),(28,'2023-09-21','EUR','유로',1430.12,1401.81,1415.97,-1.86),(29,'2023-09-21','JPY','일본 옌',905.41,887.48,896.45,-0.27),(30,'2023-09-21','USD','미국 달러',1342.59,1316.00,1329.30,-5.60),(36,'2023-09-22','AUD',' 호주 달러',867.62,850.43,859.03,-2.10),(37,'2023-09-22','CNH','위안화',185.18,181.51,183.35,-1.49),(38,'2023-09-22','EUR','유로',1441.88,1413.33,1427.61,-11.64),(39,'2023-09-22','JPY','일본 옌',916.41,898.26,907.34,-10.89),(40,'2023-09-22','USD','미국 달러',1352.49,1325.70,1339.10,-9.80),(41,'2023-09-26','AUD','호주 달러',865.26,848.13,856.70,0.23),(42,'2023-09-26','CNH','위안화',184.45,180.80,182.63,-0.77),(43,'2023-09-26','EUR','유로',1427.04,1398.79,1412.92,3.05),(44,'2023-09-26','JPY','일본 옌',905.17,887.24,896.21,0.24),(45,'2023-09-26','USD','미국 달러',1347.03,1320.36,1333.70,-4.40),(46,'2023-09-27','AUD','호주 달러',868.60,851.40,860.00,-0.97),(47,'2023-09-27','CNH','위안화',186.11,182.42,184.27,-0.92),(48,'2023-09-27','EUR','유로',1435.93,1407.50,1421.72,5.89),(49,'2023-09-27','JPY','일본 옌',911.24,893.19,902.22,5.12),(50,'2023-09-27','USD','미국 달러',1358.24,1331.35,1344.80,-5.70),(51,'2023-10-04','AUD','호주 달러',859.63,842.60,851.12,5.58),(52,'2023-10-04','CNH','위안화',186.52,182.83,184.68,-2.05),(53,'2023-10-04','EUR','유로',1428.34,1400.05,1414.20,-1.28),(54,'2023-10-04','JPY','일본 옌',915.33,897.20,906.27,-10.06),(55,'2023-10-04','USD','미국 달러',1364.81,1337.78,1351.30,-17.60),(56,'2023-10-05','AUD','호주 달러',869.80,852.57,861.19,-1.19),(57,'2023-10-05','CNH','위안화',187.61,183.90,185.76,-1.49),(58,'2023-10-05','EUR','유 로',1443.74,1415.15,1429.45,-7.73),(59,'2023-10-05','JPY','일본 옌',922.50,904.23,913.37,-11.15),(60,'2023-10-05','USD','미국 달러',1374.20,1346.99,1360.60,-15.80),(61,'2023-10-06','AUD','호주 달러',868.23,851.04,859.64,-8.52),(62,'2023-10-06','CNH','위안화',186.15,182.46,184.31,0.37),(63,'2023-10-06','EUR','유로',1437.44,1408.97,1423.21,-9.01),(64,'2023-10-06','JPY','일본 옌',918.17,899.98,909.08,-2.81),(65,'2023-10-06','USD','미국 달러',1362.89,1335.90,1349.40,1.90);
/*!40000 ALTER TABLE `exchange_history` ENABLE KEYS */;
UNLOCK TABLES;

--
-- Table structure for table `game_character`
--

DROP TABLE IF EXISTS `game_character`;
/*!40101 SET @saved_cs_client     = @@character_set_client */;
/*!50503 SET character_set_client = utf8mb4 */;
CREATE TABLE `game_character` (
  `character_idx` bigint NOT NULL AUTO_INCREMENT,
  `character_type` varchar(10) DEFAULT NULL,
  `color` varchar(10) DEFAULT 'BASIC',
  `level` varchar(10) DEFAULT '1',
  `exp` int DEFAULT '0',
  `hp` int DEFAULT '50',
  `atk` int DEFAULT '1',
  `def` int DEFAULT '1',
  `is_main` tinyint DEFAULT '0',
  `created_time` datetime DEFAULT CURRENT_TIMESTAMP,
  `user_id` varchar(16) NOT NULL,
  `y` int DEFAULT '0',
  `x` int DEFAULT '0',
  `rotation` int DEFAULT '0',
  `size` decimal(10,5) DEFAULT NULL,
  `item_idx` bigint DEFAULT NULL,
  PRIMARY KEY (`character_idx`),
  KEY `fk_game_character_user_game_info1_idx` (`user_id`),
  KEY `item_idx` (`item_idx`),
  CONSTRAINT `fk_game_character_user_game_info1` FOREIGN KEY (`user_id`) REFERENCES `user_game_info` (`user_id`),
  CONSTRAINT `game_character_ibfk_1` FOREIGN KEY (`item_idx`) REFERENCES `game_item` (`item_idx`) ON DELETE CASCADE ON UPDATE CASCADE
) ENGINE=InnoDB AUTO_INCREMENT=23 DEFAULT CHARSET=utf8mb4 COLLATE=utf8mb4_0900_ai_ci;
/*!40101 SET character_set_client = @saved_cs_client */;

--
-- Dumping data for table `game_character`
--

LOCK TABLES `game_character` WRITE;
/*!40000 ALTER TABLE `game_character` DISABLE KEYS */;
INSERT INTO `game_character` VALUES (2,'TIGER','BASIC','LEVEL_01',0,50,10,10,1,'2023-09-11 15:47:55','manager',0,0,0,0.00000,NULL),(4,'EAGLE','BASIC','LEVEL_01',0,50,10,10,0,'2023-09-13 11:08:56','jeong',0,0,0,0.00000,NULL),(5,'SHIBA','BASIC','LEVEL_01',0,50,10,10,0,'2023-09-13 11:10:55','jeong',0,0,0,0.00000,NULL),(7,'SHIBA','BASIC','LEVEL_08',1520,50,10,11,1,'2023-09-13 17:37:30','ssafy',1,-26,27,1.00000,17),(8,'PANDA','MINT','LEVEL_04',170,50,13,13,0,'2023-09-13 17:38:53','ssafy',29,1,315,2.60000,1),(9,'TIGER','WHITE','LEVEL_07',770,50,10,10,1,'2023-09-13 22:24:26','jeong',0,0,0,0.00000,NULL),(10,'LION','WHITE','LEVEL_03',80,50,10,10,0,'2023-09-16 15:40:39','ssafy',-8,-39,0,1.20000,17),(11,'QUOKKA','BASIC','LEVEL_03',130,50,12,12,0,'2023-09-16 16:54:54','ssafy',0,4,0,1.40000,12),(12,'EAGLE','BASIC','LEVEL_02',60,50,12,12,0,'2023-09-16 17:06:08','ssafy',0,0,0,0.00000,NULL),(13,'LION','BASIC','LEVEL_01',0,50,10,10,1,'2023-09-16 20:22:23','som',0,0,0,0.00000,NULL),(15,'QUOKKA','BASIC','LEVEL_01',0,50,10,10,0,'2023-10-05 18:15:11','good',0,0,0,0.00000,NULL),(16,'PANDA','BASIC','LEVEL_01',0,50,10,10,0,'2023-10-05 20:35:58','happy',0,0,0,0.00000,NULL),(17,'SHIBA','BASIC','LEVEL_01',0,50,10,10,1,'2023-10-06 00:21:12','hiru',0,0,0,0.00000,NULL),(18,'TIGER','BASIC','LEVEL_01',0,50,10,10,0,'2023-10-06 01:30:57','jeong',0,0,0,0.00000,NULL),(19,'MOLLY','BASIC','LEVEL_01',0,50,11,11,0,'2023-10-06 01:30:57','ssafy',0,0,0,0.00000,NULL),(20,'LION','BASIC','LEVEL_02',60,50,10,10,1,'2023-10-06 09:11:50','zip',0,0,0,0.00000,NULL),(21,'SHIBA','BASIC','LEVEL_01',0,50,10,10,1,'2023-10-06 09:17:33','dog',0,0,0,0.00000,NULL),(22,'TIGER','BASIC','LEVEL_01',0,50,1,1,0,'2023-10-06 12:31:25','ssafy',0,0,0,0.00000,NULL);
/*!40000 ALTER TABLE `game_character` ENABLE KEYS */;
UNLOCK TABLES;

--
-- Table structure for table `game_item`
--

DROP TABLE IF EXISTS `game_item`;
/*!40101 SET @saved_cs_client     = @@character_set_client */;
/*!50503 SET character_set_client = utf8mb4 */;
CREATE TABLE `game_item` (
  `item_idx` bigint NOT NULL AUTO_INCREMENT,
  `item_name` varchar(255) DEFAULT NULL,
  `user_id` varchar(16) NOT NULL,
  PRIMARY KEY (`item_idx`),
  KEY `fk_game_item_user_game_info1_idx` (`user_id`),
  CONSTRAINT `fk_game_item_user_game_info1` FOREIGN KEY (`user_id`) REFERENCES `user_game_info` (`user_id`) ON DELETE CASCADE ON UPDATE CASCADE
) ENGINE=InnoDB AUTO_INCREMENT=19 DEFAULT CHARSET=utf8mb4 COLLATE=utf8mb4_0900_ai_ci;
/*!40101 SET character_set_client = @saved_cs_client */;

--
-- Dumping data for table `game_item`
--

LOCK TABLES `game_item` WRITE;
/*!40000 ALTER TABLE `game_item` DISABLE KEYS */;
INSERT INTO `game_item` VALUES (1,'SSAFY_CAP','ssafy'),(10,'CROWN_CAP','jeong'),(11,'RUBY_NECKLACE','jeong'),(12,'RUBY_NECKLACE','jeong'),(13,'CROWN_CAP','jeong'),(14,'SSAFY_CAP','er1'),(15,'RUBY_NECKLACE','er1'),(16,'CROWN_CAP','er1'),(17,'RUBY_NECKLACE','ssafy'),(18,'RUBY_NECKLACE','hiru');
/*!40000 ALTER TABLE `game_item` ENABLE KEYS */;
UNLOCK TABLES;

--
-- Table structure for table `global_account_transaction`
--

DROP TABLE IF EXISTS `global_account_transaction`;
/*!40101 SET @saved_cs_client     = @@character_set_client */;
/*!50503 SET character_set_client = utf8mb4 */;
CREATE TABLE `global_account_transaction` (
  `글로벌계좌거래번호` bigint NOT NULL AUTO_INCREMENT,
  `상대계좌번호` char(12) DEFAULT NULL,
  `통화코드` char(3) DEFAULT NULL,
  `외화금액` bigint DEFAULT NULL,
  `이체종류` char(2) DEFAULT NULL,
  `거래후잔액` bigint DEFAULT NULL,
  `계좌번호` char(12) DEFAULT NULL,
  PRIMARY KEY (`글로벌계좌거래번호`),
  KEY `FK9224g1ucffa2qnrdnafos5ls7` (`계좌번호`),
  CONSTRAINT `FK9224g1ucffa2qnrdnafos5ls7` FOREIGN KEY (`계좌번호`) REFERENCES `account` (`계좌번호`)
) ENGINE=InnoDB AUTO_INCREMENT=400000 DEFAULT CHARSET=utf8mb4 COLLATE=utf8mb4_0900_ai_ci;
/*!40101 SET character_set_client = @saved_cs_client */;

--
-- Dumping data for table `global_account_transaction`
--

LOCK TABLES `global_account_transaction` WRITE;
/*!40000 ALTER TABLE `global_account_transaction` DISABLE KEYS */;
/*!40000 ALTER TABLE `global_account_transaction` ENABLE KEYS */;
UNLOCK TABLES;

--
-- Table structure for table `global_transaction`
--

DROP TABLE IF EXISTS `global_transaction`;
/*!40101 SET @saved_cs_client     = @@character_set_client */;
/*!50503 SET character_set_client = utf8mb4 */;
CREATE TABLE `global_transaction` (
  `글로벌거래번호` bigint NOT NULL AUTO_INCREMENT,
  `거래일자` date DEFAULT NULL,
  `거래시각` time DEFAULT NULL,
  `거래종류` varchar(16) DEFAULT NULL,
  `적요` varchar(16) DEFAULT NULL,
  `지급금액` float DEFAULT NULL,
  `입금금액` float DEFAULT NULL,
  `계좌잔액` float DEFAULT NULL,
  `정정취소구분` varchar(3) DEFAULT NULL,
  `거래원화금액` bigint DEFAULT NULL,
  `거래환율` float DEFAULT NULL,
  `입금의뢰인명` varchar(16) DEFAULT NULL,
  `계좌번호` varchar(12) DEFAULT NULL,
  PRIMARY KEY (`글로벌거래번호`),
  KEY `FKh7npy4lr3fh13sihkk2ml9w99` (`계좌번호`),
  CONSTRAINT `FKh7npy4lr3fh13sihkk2ml9w99` FOREIGN KEY (`계좌번호`) REFERENCES `account` (`계좌번호`)
) ENGINE=InnoDB AUTO_INCREMENT=300000 DEFAULT CHARSET=utf8mb4 COLLATE=utf8mb4_0900_ai_ci;
/*!40101 SET character_set_client = @saved_cs_client */;

--
-- Dumping data for table `global_transaction`
--

LOCK TABLES `global_transaction` WRITE;
/*!40000 ALTER TABLE `global_transaction` DISABLE KEYS */;
/*!40000 ALTER TABLE `global_transaction` ENABLE KEYS */;
UNLOCK TABLES;

--
-- Table structure for table `goods`
--

DROP TABLE IF EXISTS `goods`;
/*!40101 SET @saved_cs_client     = @@character_set_client */;
/*!50503 SET character_set_client = utf8mb4 */;
CREATE TABLE `goods` (
  `goods_idx` bigint NOT NULL AUTO_INCREMENT,
  `goods_type` varchar(255) DEFAULT NULL,
  `price` decimal(65,30) DEFAULT NULL,
  `create_time` datetime DEFAULT CURRENT_TIMESTAMP,
  `item_idx` bigint DEFAULT NULL,
  `character_idx` bigint DEFAULT NULL,
  PRIMARY KEY (`goods_idx`),
  KEY `fk_goods_game_item_idx` (`item_idx`),
  KEY `fk_goods_game_character1_idx` (`character_idx`),
  CONSTRAINT `fk_goods_game_character1` FOREIGN KEY (`character_idx`) REFERENCES `game_character` (`character_idx`) ON DELETE SET NULL ON UPDATE SET NULL,
  CONSTRAINT `fk_goods_game_item` FOREIGN KEY (`item_idx`) REFERENCES `game_item` (`item_idx`) ON DELETE SET NULL ON UPDATE SET NULL
) ENGINE=InnoDB AUTO_INCREMENT=44 DEFAULT CHARSET=utf8mb4 COLLATE=utf8mb4_0900_ai_ci;
/*!40101 SET character_set_client = @saved_cs_client */;

--
-- Dumping data for table `goods`
--

LOCK TABLES `goods` WRITE;
/*!40000 ALTER TABLE `goods` DISABLE KEYS */;
INSERT INTO `goods` VALUES (43,'c',0.000500000000000000000000000000,'2023-10-06 10:49:33',NULL,4);
/*!40000 ALTER TABLE `goods` ENABLE KEYS */;
UNLOCK TABLES;

--
-- Table structure for table `krw_account_transaction`
--

DROP TABLE IF EXISTS `krw_account_transaction`;
/*!40101 SET @saved_cs_client     = @@character_set_client */;
/*!50503 SET character_set_client = utf8mb4 */;
CREATE TABLE `krw_account_transaction` (
  `원화거래번호` bigint NOT NULL AUTO_INCREMENT,
  `상대계좌번호` char(12) DEFAULT NULL,
  `입금은행코드` char(3) DEFAULT NULL,
  `이체종류` char(2) DEFAULT NULL,
  `이체금액` bigint DEFAULT NULL,
  `입금계좌통장메모` varchar(16) DEFAULT NULL,
  `출금계좌통장메모` varchar(16) DEFAULT NULL,
  `거래후잔액` bigint DEFAULT NULL,
  `계좌번호` char(12) DEFAULT NULL,
  PRIMARY KEY (`원화거래번호`),
  KEY `FKji4a06519y0vcok6ng89pk3gw` (`계좌번호`),
  CONSTRAINT `FKji4a06519y0vcok6ng89pk3gw` FOREIGN KEY (`계좌번호`) REFERENCES `account` (`계좌번호`)
) ENGINE=InnoDB AUTO_INCREMENT=200116 DEFAULT CHARSET=utf8mb4 COLLATE=utf8mb4_0900_ai_ci;
/*!40101 SET character_set_client = @saved_cs_client */;

--
-- Dumping data for table `krw_account_transaction`
--

LOCK TABLES `krw_account_transaction` WRITE;
/*!40000 ALTER TABLE `krw_account_transaction` DISABLE KEYS */;
INSERT INTO `krw_account_transaction` VALUES (200000,'110001785524','008','입금',110,'입금 메모','출금 메모',1000110,'110001785530'),(200001,'110001785530','008','출금',110,'입금 메모','출금 메모',11999890,'110001785524'),(200002,'110001785524','008','입금',10000,'입금 메모','출금 메모',1010110,'110001785530'),(200003,'110001785530','008','출금',10000,'입금 메모','출금 메모',11989890,'110001785524'),(200004,'110001785524','008','입금',110,'입금 메모','출금 메모',1010220,'110001785530'),(200005,'110001785530','008','출금',110,'입금 메모','출금 메모',11989780,'110001785524'),(200006,'110001785524','008','입금',50000,'입금 메모','출금 메모',1060220,'110001785530'),(200007,'110001785530','008','출금',50000,'입금 메모','출금 메모',11939780,'110001785524'),(200008,'110001785530','008','입금',100000,'입금 메모','출금 메모',12039780,'110001785524'),(200009,'110001785524','008','출금',100000,'입금 메모','출 금 메모',960220,'110001785530'),(200010,'110001785530','008','입금',100000,'입금 메모','출금 메모',12139780,'110001785524'),(200011,'110001785524','008','출금',100000,'입금 메모','출금 메모',860220,'110001785530'),(200012,'110001785530','008','입금',100000,'입금 메모','출금 메모',12239780,'110001785524'),(200013,'110001785524','008','출금',100000,'입금 메모','출금 메모',760220,'110001785530'),(200014,'110001785530','008','입금',50000,'입금 메모','출금 메모',12289780,'110001785524'),(200015,'110001785524','008','출금',50000,'입금 메모','출금 메모',710220,'110001785530'),(200016,'110001785530','008','입금',2500,'입금 메모','출금 메모',12292280,'110001785524'),(200017,'110001785524','008','출금',2500,'입금 메모','출금 메모',707720,'110001785530'),(200018,'110001785530','008','입금',2500,'입금 메모','출금 메모',12294780,'110001785524'),(200019,'110001785524','008','출금',2500,'입금 메모','출금 메모',705220,'110001785530'),(200020,'110001785530','008','입금',10000,'입금 메모','출금 메모',12304780,'110001785524'),(200021,'110001785524','008','출금',10000,'입금 메모','출금 메모',695220,'110001785530'),(200022,'110001785530','008','입금',100000,'입금 메모','출금 메모',12404780,'110001785524'),(200023,'110001785524','008','출금',100000,'입금  메모','출금 메모',595220,'110001785530'),(200024,'110001785530','008','입금',50000,'입금 메모','출금 메모',12454780,'110001785524'),(200025,'110001785524','008','출금',50000,'입금 메모','출금 메모',545220,'110001785530'),(200026,'110001785530','008','입금',10000,'입금 메모','출금 메모',12464780,'110001785524'),(200027,'110001785524','008','출금',10000,'입금 메모','출금 메모',535220,'110001785530'),(200028,'110001785530','008','입금',3000,'입금 메모',' 출금 메모',12467780,'110001785524'),(200029,'110001785524','008','출금',3000,'입금 메모','출금 메모',532220,'110001785530'),(200030,'110001785530','088','입금',30000,'입금 메모','출금 메모',130000,'110001785524'),(200031,'110001785524','088','출금',30000,'입금 메모','출금 메모',502220,'110001785530'),(200032,'110001785530','신한','입금',100000,'입금 메모','출금 메모',230000,'110001785524'),(200033,'110001785524','신한','출금',100000,'입금 메모','출금  메모',402220,'110001785530'),(200034,'110001785530','신한','입금',9,'입금 메모','출금 메모',230009,'110001785524'),(200035,'110001785524','신한','출금',9,'입금 메모','출금 메모',4264065,'110001785530'),(200036,'110001785530','신한','입금',100000,'입금 메모','출금 메모',330009,'110001785524'),(200037,'110001785524','신한','출금',100000,'입금 메모','출금 메모',4164065,'110001785530'),(200038,'110001785530','신한','입금',500,'입금 메모','출금 메모',330509,'110001785524'),(200039,'110001785524','신한','출금',500,'입금 메모','출금 메모',2850767,'110001785530'),(200040,'110001785530','신한','입금',110000,'입금 메모','출금 메모',440509,'110001785524'),(200041,'110001785524','신한','출금',110000,'입금 메모','출금 메모',2912607,'110001785530'),(200042,'110001785530','신한','입금',150000,'입금 메 모','출금 메모',590509,'110001785524'),(200043,'110001785524','신한','출금',150000,'입금 메모','출금 메모',2762607,'110001785530'),(200044,'110001785530','신한','입금',1000000,'입금 메모','출금 메모',1590509,'110001785524'),(200045,'110001785524','신한','출금',1000000,'입금 메모','출금 메모',1762607,'110001785530'),(200046,'110001785530',' 신한','입금',150000,'입금 메모','출금 메모',1740509,'110001785524'),(200047,'110001785524','신한','출금',150000,' 입금 메모','출금 메모',936711,'110001785530'),(200048,'110001785530','','입금',10000,'입금 메모','출금 메모',1750509,'110001785524'),(200049,'110001785524','','출금',10000,'입금 메모','출금 메모',2469613,'110001785530'),(200050,'110001785530','농협','입금',1000000,'입금 메모','출금 메모',2750509,'110001785524'),(200051,'110001785524','농협','출금',1000000,'입금 메모','출금 메모',1469613,'110001785530'),(200052,'110001785530','농협','입금',50000,'입금  메모','출금 메모',2800509,'110001785524'),(200053,'110001785524','농협','출금',50000,'입금 메모','출금 메모',1419613,'110001785530'),(200054,'110001785530','신한','입금',1,'입금 메모','출금 메모',2800510,'110001785524'),(200055,'110001785524','신한','출금',1,'입금 메모','출금 메모',1419612,'110001785530'),(200056,'110001785530','농협','입금',1000000,'입금 메모','출금 메모',3800510,'110001785524'),(200057,'110001785524','농협','출금',1000000,'입금 메모','출금 메모',12911651,'110001785530'),(200058,'110001785530','농협','입금',50000,'입금 메모','출금 메모',3850510,'110001785524'),(200059,'110001785524','농협','출금',50000,'입금 메모','출금 메모',12861651,'110001785530'),(200060,'110001785530','농협','입금',50000,'입금 메모','출금 메모',3900510,'110001785524'),(200061,'110001785524','농협','출금',50000,'입금 메모','출금 메모',12811651,'110001785530'),(200062,'110001785530','신한','입금',50000,'입금 메 모','출금 메모',3950510,'110001785524'),(200063,'110001785524','신한','출금',50000,'입금 메모','출금 메모',12761651,'110001785530'),(200064,'110001785530','신한','입금',100000,'입금 메모','출금 메모',4050510,'110001785524'),(200065,'110001785524','신한','출금',100000,'입금 메모','출금 메모',12661651,'110001785530'),(200066,'110001785530',' 농협','입금',1000000,'입금 메모','출금 메모',5050510,'110001785524'),(200067,'110001785524','농협','출금',1000000,'입금 메모','출금 메모',14366631,'110001785530'),(200068,'110001785530','농협','입금',10000,'입금 메모','출금 메모',5060510,'110001785524'),(200069,'110001785524','농협','출금',10000,'입금 메모','출금 메모',14356631,'110001785530'),(200070,'110001785530','신한','입금',100000,'입금 메모','출금 메모',5160510,'110001785524'),(200071,'110001785524','신한','출금',100000,'입금 메모','출금 메모',14123290,'110001785530'),(200072,'110001785530','신한','입금',100000,'입금 메모','출금 메모',5260510,'110001785524'),(200073,'110001785524','신한','출금',100000,'입금 메모','출금 메모',10029117,'110001785530'),(200074,'110001785530','신한','입금',1000000,'입금 메모','출금 메모',6260510,'110001785524'),(200075,'110001785524','신한','출금',1000000,'입금 메모','출금 메모',9029117,'110001785530'),(200076,'110001785530','신한','입금',50000,'입금 메모','출금 메모',6310510,'110001785524'),(200077,'110001785524','신한','출금',50000,'입금 메모','출금 메모',8979117,'110001785530'),(200078,'110001785530','신한','입금',1000000,'입금 메모','출금 메모',7310510,'110001785524'),(200079,'110001785524','신한','출금',1000000,'입금 메모','출금 메모',7945672,'110001785530'),(200080,'110001785530','신한','입금',1100000,'입금 메모','출금 메모',8410510,'110001785524'),(200081,'110001785524','신한','출금',1100000,'입금 메모','출금 메모',6845672,'110001785530'),(200082,'110001785530','신한','입금',1000000,'입금 메모','출금 메모',9410510,'110001785524'),(200083,'110001785524','신한','출금',1000000,' 입금 메모','출금 메모',5845672,'110001785530'),(200084,'110001785530','신한','입금',100000,'입금 메모','출금 메모',9510510,'110001785524'),(200085,'110001785524','신한','출금',100000,'입금 메모','출금 메모',5745672,'110001785530'),(200086,'110001785530','신한','입금',1000000,'입금 메모','출금 메모',10510510,'110001785524'),(200087,'110001785524','신한','출금',1000000,'입금 메모','출금 메모',4745672,'110001785530'),(200088,'110001785530','신한','입금',1000000,'입금 메모','출금 메모',11510510,'110001785524'),(200089,'110001785524','신한','출금',1000000,'입금 메모','출금 메모',3745672,'110001785530'),(200090,'110001785530','신한','입금',1000000,'입금 메모','출금 메모',12510510,'110001785524'),(200091,'110001785524','신한','출금',1000000,'입금 메모','출금 메모',2745672,'110001785530'),(200092,'110001785530','신한','입금',50000,'입금 메모','출금 메모',12560510,'110001785524'),(200093,'110001785524','신한','출금',50000,'입금 메모','출금 메모',2695672,'110001785530'),(200094,'110001785530','신한','입금',100000,'입금  메모','출금 메모',12660510,'110001785524'),(200095,'110001785524','신한','출금',100000,'입금 메모','출금 메모',2595672,'110001785530'),(200096,'110001785530','신한','입금',100000,'입금 메모','출금 메모',12760510,'110001785524'),(200097,'110001785524','신한','출금',100000,'입금 메모','출금 메모',2495672,'110001785530'),(200098,'110001785530','신한','입금',100000,'입금 메모','출금 메모',12860510,'110001785524'),(200099,'110001785524','신한','출금',100000,'입금 메모','출금 메모',2395672,'110001785530'),(200100,'110001785530','신한','입금',100000,'입금 메모','출금 메 모',12960510,'110001785524'),(200101,'110001785524','신한','출금',100000,'입금 메모','출금 메모',2295672,'110001785530'),(200102,'110001785530','신한','입금',1000000,'입금 메모','출금 메모',13960510,'110001785524'),(200103,'110001785524','신한','출금',1000000,'입금 메모','출금 메모',1295672,'110001785530'),(200104,'110001785530','신한','입 금',100000,'입금 메모','출금 메모',14060510,'110001785524'),(200105,'110001785524','신한','출금',100000,'입금 메모','출금 메모',1195672,'110001785530'),(200106,'110001785530','신한','입금',100000,'입금 메모','출금 메모',14160510,'110001785524'),(200107,'110001785524','신한','출금',100000,'입금 메모','출금 메모',1095672,'110001785530'),(200108,'110001785530','신한','입금',100000,'입금 메모','출금 메모',14260510,'110001785524'),(200109,'110001785524','신한','출금',100000,'입금 메모','출금 메모',995672,'110001785530'),(200110,'110001785530','신한','입금',50000,'입금 메모','출금 메모',14310510,'110001785524'),(200111,'110001785524','신한','출금',50000,'입금 메모','출금 메모',28362322,'110001785530'),(200112,'110001785530','신한','입금',555,'입금 메모','출금 메모',14311065,'110001785524'),(200113,'110001785524','신한','출금',555,'입금 메모','출금 메모',28361767,'110001785530'),(200114,'110001785530','신 한','입금',1000000,'입금 메모','출금 메모',15311065,'110001785524'),(200115,'110001785524','신한','출금',1000000,'입금 메모','출금 메모',27361767,'110001785530');
/*!40000 ALTER TABLE `krw_account_transaction` ENABLE KEYS */;
UNLOCK TABLES;

--
-- Table structure for table `krw_transaction`
--

DROP TABLE IF EXISTS `krw_transaction`;
/*!40101 SET @saved_cs_client     = @@character_set_client */;
/*!50503 SET character_set_client = utf8mb4 */;
CREATE TABLE `krw_transaction` (
  `원화거래번호` bigint NOT NULL AUTO_INCREMENT,
  `거래일자` date DEFAULT NULL,
  `거래시각` time DEFAULT NULL,
  `적요` varchar(16) DEFAULT NULL,
  `출금금액` bigint DEFAULT NULL,
  `입금금액` bigint DEFAULT NULL,
  `내용` varchar(30) DEFAULT NULL,
  `잔액` bigint DEFAULT NULL,
  `입지구분` tinyint DEFAULT NULL,
  `거래점명` varchar(16) DEFAULT NULL,
  `계좌번호` char(12) DEFAULT NULL,
  PRIMARY KEY (`원화거래번호`),
  KEY `FKcr708aagpubq47g31oqgwslhq` (`계좌번호`),
  CONSTRAINT `FKcr708aagpubq47g31oqgwslhq` FOREIGN KEY (`계좌번호`) REFERENCES `account` (`계좌번호`)
) ENGINE=InnoDB AUTO_INCREMENT=100000 DEFAULT CHARSET=utf8mb4 COLLATE=utf8mb4_0900_ai_ci;
/*!40101 SET character_set_client = @saved_cs_client */;

--
-- Dumping data for table `krw_transaction`
--

LOCK TABLES `krw_transaction` WRITE;
/*!40000 ALTER TABLE `krw_transaction` DISABLE KEYS */;
/*!40000 ALTER TABLE `krw_transaction` ENABLE KEYS */;
UNLOCK TABLES;

--
-- Table structure for table `quest`
--

DROP TABLE IF EXISTS `quest`;
/*!40101 SET @saved_cs_client     = @@character_set_client */;
/*!50503 SET character_set_client = utf8mb4 */;
CREATE TABLE `quest` (
  `quest_idx` bigint NOT NULL AUTO_INCREMENT,
  `quest_type` varchar(10) DEFAULT NULL,
  `quest_title` varchar(50) DEFAULT NULL,
  `quest_total` varchar(255) CHARACTER SET utf8mb4 COLLATE utf8mb4_0900_ai_ci DEFAULT NULL,
  PRIMARY KEY (`quest_idx`)
) ENGINE=InnoDB AUTO_INCREMENT=17 DEFAULT CHARSET=utf8mb4 COLLATE=utf8mb4_0900_ai_ci;
/*!40101 SET character_set_client = @saved_cs_client */;

--
-- Dumping data for table `quest`
--

LOCK TABLES `quest` WRITE;
/*!40000 ALTER TABLE `quest` DISABLE KEYS */;
INSERT INTO `quest` VALUES (1,'Daily','이체하기','2'),(2,'Daily','환전조회','1'),(3,'Daily','먹이주기','3'),(4,'Daily','운동하기','3'),(5,'Daily','환전하기','1'),(6,'Weekly','배틀하기','3'),(7,'Weekly','지점장 30분 유지하기','1'),(8,'Weekly','레벨업하기','1'),(9,'Weekly','500exp 모으기','1'),(10,'Weekly','색상 뽑기','1'),(11,'Weekly','캐릭 터 뽑기','1'),(12,'Monthly','지점 3개 먹기','1'),(13,'Monthly','보유하지 않은 캐릭터 뽑기','1'),(14,'Monthly','보 유하지 않은 색상 뽑기','1'),(15,'Specially','지점장 되기','1'),(16,'Specially','적금 들기','1');
/*!40000 ALTER TABLE `quest` ENABLE KEYS */;
UNLOCK TABLES;

--
-- Table structure for table `quest_manager`
--

DROP TABLE IF EXISTS `quest_manager`;
/*!40101 SET @saved_cs_client     = @@character_set_client */;
/*!50503 SET character_set_client = utf8mb4 */;
CREATE TABLE `quest_manager` (
  `user_id` varchar(16) NOT NULL,
  `quest_id` bigint NOT NULL,
  `count` int DEFAULT NULL,
  `status` int DEFAULT NULL,
  PRIMARY KEY (`user_id`,`quest_id`),
  KEY `quest_manager_FK_1` (`quest_id`),
  CONSTRAINT `quest_manager_FK` FOREIGN KEY (`user_id`) REFERENCES `user` (`user_id`),
  CONSTRAINT `quest_manager_FK_1` FOREIGN KEY (`quest_id`) REFERENCES `quest` (`quest_idx`)
) ENGINE=InnoDB DEFAULT CHARSET=utf8mb4 COLLATE=utf8mb4_0900_ai_ci;
/*!40101 SET character_set_client = @saved_cs_client */;

--
-- Dumping data for table `quest_manager`
--

LOCK TABLES `quest_manager` WRITE;
/*!40000 ALTER TABLE `quest_manager` DISABLE KEYS */;
INSERT INTO `quest_manager` VALUES ('ssafy',1,1,0),('ssafy',2,0,0),('ssafy',3,1,0),('ssafy',4,1,0),('ssafy',5,0,0),('ssafy',6,0,0),('ssafy',7,0,0),('ssafy',8,0,0),('ssafy',9,0,0),('ssafy',10,0,0),('ssafy',11,0,0),('ssafy',12,0,0),('ssafy',13,0,0),('ssafy',14,0,0),('ssafy',15,0,0),('ssafy',16,0,0),('zip',1,0,0),('zip',2,0,0),('zip',3,3,2),('zip',4,3,2),('zip',5,0,0),('zip',6,0,0),('zip',7,0,0),('zip',8,0,0),('zip',9,0,0),('zip',10,0,0),('zip',11,0,0),('zip',12,0,0),('zip',13,0,0),('zip',14,0,0),('zip',15,0,0),('zip',16,0,0);
/*!40000 ALTER TABLE `quest_manager` ENABLE KEYS */;
UNLOCK TABLES;

--
-- Table structure for table `topten`
--

DROP TABLE IF EXISTS `topten`;
/*!40101 SET @saved_cs_client     = @@character_set_client */;
/*!50503 SET character_set_client = utf8mb4 */;
CREATE TABLE `topten` (
  `ranking` int NOT NULL,
  `rate` decimal(10,2) DEFAULT NULL,
  `user_id` varchar(16) DEFAULT NULL,
  PRIMARY KEY (`ranking`),
  KEY `user_id_idx` (`user_id`),
  CONSTRAINT `user_id` FOREIGN KEY (`user_id`) REFERENCES `user` (`user_id`)
) ENGINE=InnoDB DEFAULT CHARSET=utf8mb4 COLLATE=utf8mb4_0900_ai_ci;
/*!40101 SET character_set_client = @saved_cs_client */;

--
-- Dumping data for table `topten`
--

LOCK TABLES `topten` WRITE;
/*!40000 ALTER TABLE `topten` DISABLE KEYS */;
INSERT INTO `topten` VALUES (1,10.00,'ssafy'),(2,6.00,'manager'),(3,6.00,'jeong'),(4,6.00,'qwer');
/*!40000 ALTER TABLE `topten` ENABLE KEYS */;
UNLOCK TABLES;

--
-- Table structure for table `user`
--

DROP TABLE IF EXISTS `user`;
/*!40101 SET @saved_cs_client     = @@character_set_client */;
/*!50503 SET character_set_client = utf8mb4 */;
CREATE TABLE `user` (
  `user_id` varchar(16) NOT NULL,
  `email` varchar(100) DEFAULT NULL,
  `password` varchar(100) NOT NULL,
  `name` varchar(16) DEFAULT NULL,
  `birth_date` datetime DEFAULT NULL,
  `phone_number` varchar(16) DEFAULT NULL,
  `대표계좌` varchar(45) DEFAULT NULL,
  PRIMARY KEY (`user_id`),
  UNIQUE KEY `대표계좌_UNIQUE` (`대표계좌`)
) ENGINE=InnoDB DEFAULT CHARSET=utf8mb4 COLLATE=utf8mb4_0900_ai_ci;
/*!40101 SET character_set_client = @saved_cs_client */;

--
-- Dumping data for table `user`
--

LOCK TABLES `user` WRITE;
/*!40000 ALTER TABLE `user` DISABLE KEYS */;
INSERT INTO `user` VALUES ('bbakmina',NULL,'$2a$10$cyjvI6MKzLHYcCUqv0BOGufzGEdRC9Jz3.ocDFpasaLSegW2wkJES','박박민 아',NULL,NULL,NULL),('dog',NULL,'$2a$10$1r4J.VCwqGvGMcE1bEAuCu/gDr/l.lYd0Z5CBE252rEmcRz4tyFsO','dog',NULL,NULL,'130265223750'),('er1',NULL,'$2a$10$T6vKzHhsvnSNEnI5pAJEtOuN/XSdkSDImR38Gv3ibzik3J4hX7T1m','er',NULL,NULL,'130265223744'),('good',NULL,'$2a$10$SWdgOMKUx0EX8DbJuWtCze3Vs698q80dxrUV2Pk3snfipOVXh8vle','good',NULL,NULL,'130265223746'),('happy',NULL,'$2a$10$K5SAiWIwBuvA7CZ7oCegjei3zGGwGOtqy4T3WkXFwMdbXy.TxyTf2','happy',NULL,NULL,'130265223747'),('hiru',NULL,'$2a$10$07OAa/phz/suiIggEWN90.Q3bYwFvjVT2zoF72NapM2KQ3PjcYG3i','hiru',NULL,NULL,'130265223748'),('iwantogohome',NULL,'$2a$10$NUoNJ4nb.pguJ1vg5nqzFuVQv2VvGOt5Jg22n.iYpnvyFpNwdq6Te','집가고싶다',NULL,NULL,'130265223745'),('jeong','jeong@gmail.com','$2a$10$sTdMJeDKlWpFdnRPggmK..xjKJk.OYEMMTNEsxFv.EFupj7lf.0mW','김유정','2000-02-25 00:00:00','010-1234-5678','123'),('manager','manager@ssafy.com','manager','몰리','2023-09-08 00:00:00','010-1234-5678','110001785532'),('parkmina',NULL,'$2a$10$3zuNzfjuEumoP20.gc63OONB2FOnIMmlJ2TqrPR0/Hialan5XtlYm','바바박민아',NULL,NULL,NULL),('po12',NULL,'$2a$10$gXsMXrRFbQfU5FDsU/u2dOr.12udFTjKKCrns.cLhPPd4BTM5jSr2','po',NULL,NULL,'130265223743'),('princess0618',NULL,'$2a$10$6n2ebPsVwy711H/2C18NauZkWHwIExn3YzcJbBdByAxW1Q4MFfT.6','수민고곤두듀',NULL,NULL,NULL),('qwer','qwer@q.q','qwer','qwer','2022-02-22 00:00:00','010-0000-0000','12343'),('som','som@gmail.com','som','진희솜',NULL,'010-0000-0000',NULL),('somsom',NULL,'$2a$10$J..r2SPDhp06lUOQrpCOeu1CDcHLWbdKV7JrvVMZHR7BbAkde.T0a','somsom',NULL,NULL,NULL),('ssafy','ssafy@ssafy.com','$2a$10$sTdMJeDKlWpFdnRPggmK..xjKJk.OYEMMTNEsxFv.EFupj7lf.0mW','ssafy',NULL,'010-0000-1234','110001785538'),('zip',NULL,'$2a$10$cSL3/QPudFeNJ3rHfmDGNO8EUTV24h/A0CK6iRWxbfFptZGNPDQuW','집',NULL,NULL,'130265223749');
/*!40000 ALTER TABLE `user` ENABLE KEYS */;
UNLOCK TABLES;

--
-- Table structure for table `user_game_info`
--

DROP TABLE IF EXISTS `user_game_info`;
/*!40101 SET @saved_cs_client     = @@character_set_client */;
/*!50503 SET character_set_client = utf8mb4 */;
CREATE TABLE `user_game_info` (
  `point` int DEFAULT '0',
  `status` varchar(255) DEFAULT '도전자',
  `user_id` varchar(16) NOT NULL,
  `battle_count` int DEFAULT '0',
  PRIMARY KEY (`user_id`),
  KEY `fk_user_game_info_user1_idx` (`user_id`),
  CONSTRAINT `fk_user_game_info_user1` FOREIGN KEY (`user_id`) REFERENCES `user` (`user_id`)
) ENGINE=InnoDB DEFAULT CHARSET=utf8mb4 COLLATE=utf8mb4_0900_ai_ci;
/*!40101 SET character_set_client = @saved_cs_client */;

--
-- Dumping data for table `user_game_info`
--

LOCK TABLES `user_game_info` WRITE;
/*!40000 ALTER TABLE `user_game_info` DISABLE KEYS */;
INSERT INTO `user_game_info` VALUES (0,'도전자','dog',0),(100000000,'도전자','er1',0),(0,'도전자','good',0),(0,'도전자','happy',0),(0,'도전자','hiru',0),(0,'도전자','iwantogohome',2),(50,'도전자','jeong',3),(0,'지점장','manager',0),(0,'도전자','qwer',0),(0,'도전자','som',0),(997609400,'가양역 지점장','ssafy',180),(100,'도전자','zip',3);
/*!40000 ALTER TABLE `user_game_info` ENABLE KEYS */;
UNLOCK TABLES;
/*!40103 SET TIME_ZONE=@OLD_TIME_ZONE */;

/*!40101 SET SQL_MODE=@OLD_SQL_MODE */;
/*!40014 SET FOREIGN_KEY_CHECKS=@OLD_FOREIGN_KEY_CHECKS */;
/*!40014 SET UNIQUE_CHECKS=@OLD_UNIQUE_CHECKS */;
/*!40101 SET CHARACTER_SET_CLIENT=@OLD_CHARACTER_SET_CLIENT */;
/*!40101 SET CHARACTER_SET_RESULTS=@OLD_CHARACTER_SET_RESULTS */;
/*!40101 SET COLLATION_CONNECTION=@OLD_COLLATION_CONNECTION */;
/*!40111 SET SQL_NOTES=@OLD_SQL_NOTES */;

-- Dump completed on 2023-10-06 12:48:13